team,imagery_awards
frc1024,17
frc1262,15
frc1359,14
frc5926,13
frc571,12
frc1075,10
frc1711,10
frc1939,10
frc3940,10
frc365,9
frc624,9
frc703,9
frc910,9
frc1339,9
frc1736,9
frc2246,9
frc5113,9
frc193,8
frc233,8
frc1255,8
frc3219,8
frc3966,8
frc4048,8
frc4531,8
frc6740,8
frc87,7
frc1511,7
frc1538,7
frc1622,7
frc1922,7
frc2048,7
frc2839,7
frc3238,7
frc5012,7
frc33,6
frc68,6
frc172,6
frc399,6
frc503,6
frc589,6
frc847,6
frc1011,6
frc1086,6
frc1241,6
frc1266,6
frc1547,6
frc1746,6
frc2177,6
frc2194,6
frc2405,6
frc2640,6
frc2846,6
frc2936,6
frc5424,6
frc5830,6
frc155,5
frc272,5
frc522,5
frc1280,5
frc1481,5
frc1902,5
frc2013,5
frc2059,5
frc2342,5
frc2708,5
frc3182,5
frc3322,5
frc3465,5
frc4039,5
frc4525,5
frc4682,5
frc5431,5
frc5468,5
frc6004,5
frc6704,5
frc6861,5
frc7418,5
frc7619,5
frc34,4
frc88,4
frc141,4
frc166,4
frc175,4
frc203,4
frc245,4
frc333,4
frc418,4
frc647,4
frc709,4
frc1094,4
frc1188,4
frc1296,4
frc1319,4
frc1322,4
frc1528,4
frc2016,4
frc2377,4
frc2491,4
frc2826,4
frc2832,4
frc2877,4
frc2881,4
frc2930,4
frc2996,4
frc3157,4
frc3314,4
frc3352,4
frc3654,4
frc3958,4
frc4013,4
frc4055,4
frc4216,4
frc4325,4
frc4381,4
frc4575,4
frc4738,4
frc4918,4
frc4936,4
frc4965,4
frc5006,4
frc5409,4
frc6829,4
frc7153,4
frc7598,4
frc1,3
frc11,3
frc48,3
frc64,3
frc145,3
frc179,3
frc223,3
frc253,3
frc280,3
frc316,3
frc354,3
frc357,3
frc476,3
frc494,3
frc573,3
frc597,3
frc648,3
frc695,3
frc701,3
frc818,3
frc869,3
frc885,3
frc974,3
frc1006,3
frc1038,3
frc1189,3
frc1501,3
frc1506,3
frc1515,3
frc1523,3
frc1648,3
frc1701,3
frc1719,3
frc1775,3
frc1868,3
frc1885,3
frc2068,3
frc2096,3
frc2102,3
frc2129,3
frc2158,3
frc2169,3
frc2265,3
frc2352,3
frc2386,3
frc2445,3
frc2470,3
frc2517,3
frc2538,3
frc2619,3
frc2642,3
frc2662,3
frc2706,3
frc2733,3
frc2771,3
frc3010,3
frc3075,3
frc3098,3
frc3160,3
frc3176,3
frc3184,3
frc3196,3
frc3204,3
frc3414,3
frc3593,3
frc3637,3
frc3667,3
frc3965,3
frc3974,3
frc3998,3
frc4080,3
frc4173,3
frc4327,3
frc4451,3
frc4920,3
frc5048,3
frc5310,3
frc5410,3
frc5436,3
frc5461,3
frc5496,3
frc5582,3
frc5614,3
frc5635,3
frc5712,3
frc5885,3
frc6538,3
frc6978,3
frc7072,3
frc7429,3
frc7506,3
frc8075,3
frc8230,3
frc56,2
frc65,2
frc66,2
frc100,2
frc102,2
frc111,2
frc122,2
frc167,2
frc207,2
frc217,2
frc238,2
frc302,2
frc303,2
frc308,2
frc342,2
frc362,2
frc441,2
frc451,2
frc469,2
frc507,2
frc510,2
frc578,2
frc587,2
frc649,2
frc747,2
frc772,2
frc773,2
frc829,2
frc900,2
frc903,2
frc904,2
frc945,2
frc1111,2
frc1160,2
frc1218,2
frc1289,2
frc1323,2
frc1334,2
frc1410,2
frc1425,2
frc1529,2
frc1540,2
frc1561,2
frc1660,2
frc1675,2
frc1723,2
frc1729,2
frc1735,2
frc1741,2
frc1747,2
frc1756,2
frc1778,2
frc1791,2
frc1796,2
frc1810,2
frc1899,2
frc1920,2
frc1986,2
frc2062,2
frc2079,2
frc2085,2
frc2145,2
frc2181,2
frc2220,2
frc2231,2
frc2357,2
frc2395,2
frc2403,2
frc2412,2
frc2485,2
frc2500,2
frc2522,2
frc2549,2
frc2556,2
frc2605,2
frc2630,2
frc2682,2
frc2767,2
frc2836,2
frc2852,2
frc2890,2
frc2898,2
frc2903,2
frc2910,2
frc2944,2
frc2992,2
frc3142,2
frc3145,2
frc3171,2
frc3255,2
frc3303,2
frc3339,2
frc3340,2
frc3360,2
frc3410,2
frc3470,2
frc3476,2
frc3489,2
frc3502,2
frc3526,2
frc3537,2
frc3539,2
frc3543,2
frc3545,2
frc3550,2
frc3570,2
frc3574,2
frc3600,2
frc3603,2
frc3620,2
frc3656,2
frc3729,2
frc3812,2
frc3826,2
frc3875,2
frc3950,2
frc4006,2
frc4027,2
frc4043,2
frc4044,2
frc4050,2
frc4063,2
frc4118,2
frc4176,2
frc4201,2
frc4256,2
frc4293,2
frc4309,2
frc4362,2
frc4371,2
frc4376,2
frc4395,2
frc4481,2
frc4533,2
frc4564,2
frc4586,2
frc4604,2
frc4786,2
frc4816,2
frc4835,2
frc4917,2
frc4935,2
frc4956,2
frc5053,2
frc5112,2
frc5160,2
frc5179,2
frc5181,2
frc5298,2
frc5312,2
frc5332,2
frc5338,2
frc5480,2
frc5498,2
frc5627,2
frc5672,2
frc5700,2
frc5710,2
frc5803,2
frc5823,2
frc5843,2
frc5854,2
frc5900,2
frc5959,2
frc5965,2
frc6002,2
frc6014,2
frc6022,2
frc6079,2
frc6239,2
frc6325,2
frc6340,2
frc6344,2
frc6366,2
frc6377,2
frc6682,2
frc6746,2
frc6920,2
frc6921,2
frc6929,2
frc6992,2
frc7067,2
frc7228,2
frc7244,2
frc7303,2
frc7472,2
frc7514,2
frc7748,2
frc7762,2
frc7782,2
frc8042,2
frc8122,2
frc8788,2
frc4,1
frc22,1
frc40,1
frc45,1
frc51,1
frc58,1
frc59,1
frc60,1
frc63,1
frc79,1
frc81,1
frc94,1
frc96,1
frc101,1
frc107,1
frc108,1
frc112,1
frc116,1
frc120,1
frc134,1
frc140,1
frc144,1
frc173,1
frc176,1
frc191,1
frc192,1
frc199,1
frc226,1
frc228,1
frc234,1
frc237,1
frc241,1
frc247,1
frc271,1
frc288,1
frc291,1
frc294,1
frc295,1
frc301,1
frc311,1
frc321,1
frc322,1
frc325,1
frc329,1
frc340,1
frc341,1
frc360,1
frc364,1
frc375,1
frc379,1
frc388,1
frc395,1
frc401,1
frc427,1
frc461,1
frc467,1
frc501,1
frc509,1
frc525,1
frc538,1
frc539,1
frc540,1
frc558,1
frc568,1
frc585,1
frc599,1
frc610,1
frc614,1
frc639,1
frc663,1
frc686,1
frc691,1
frc692,1
frc710,1
frc714,1
frc753,1
frc759,1
frc781,1
frc801,1
frc811,1
frc816,1
frc840,1
frc843,1
frc846,1
frc854,1
frc862,1
frc870,1
frc872,1
frc898,1
frc931,1
frc932,1
frc963,1
frc967,1
frc991,1
frc997,1
frc1018,1
frc1025,1
frc1099,1
frc1100,1
frc1130,1
frc1155,1
frc1157,1
frc1159,1
frc1224,1
frc1225,1
frc1228,1
frc1243,1
frc1249,1
frc1257,1
frc1259,1
frc1260,1
frc1288,1
frc1293,1
frc1317,1
frc1324,1
frc1351,1
frc1358,1
frc1370,1
frc1398,1
frc1405,1
frc1421,1
frc1458,1
frc1503,1
frc1507,1
frc1539,1
frc1541,1
frc1551,1
frc1555,1
frc1569,1
frc1579,1
frc1580,1
frc1583,1
frc1591,1
frc1594,1
frc1596,1
frc1599,1
frc1626,1
frc1633,1
frc1641,1
frc1646,1
frc1699,1
frc1700,1
frc1708,1
frc1710,1
frc1712,1
frc1717,1
frc1732,1
frc1740,1
frc1743,1
frc1745,1
frc1750,1
frc1758,1
frc1761,1
frc1785,1
frc1797,1
frc1802,1
frc1807,1
frc1811,1
frc1848,1
frc1875,1
frc1881,1
frc1884,1
frc1912,1
frc1918,1
frc1930,1
frc1965,1
frc1967,1
frc1983,1
frc1984,1
frc1991,1
frc1997,1
frc1999,1
frc2029,1
frc2034,1
frc2040,1
frc2046,1
frc2051,1
frc2067,1
frc2075,1
frc2116,1
frc2128,1
frc2137,1
frc2149,1
frc2152,1
frc2170,1
frc2191,1
frc2199,1
frc2228,1
frc2240,1
frc2264,1
frc2334,1
frc2341,1
frc2358,1
frc2370,1
frc2375,1
frc2383,1
frc2423,1
frc2449,1
frc2450,1
frc2468,1
frc2471,1
frc2473,1
frc2486,1
frc2495,1
frc2586,1
frc2607,1
frc2626,1
frc2629,1
frc2637,1
frc2655,1
frc2669,1
frc2679,1
frc2712,1
frc2714,1
frc2751,1
frc2791,1
frc2797,1
frc2809,1
frc2834,1
frc2876,1
frc2905,1
frc2907,1
frc2928,1
frc2942,1
frc2959,1
frc2969,1
frc2978,1
frc2987,1
frc3015,1
frc3019,1
frc3035,1
frc3044,1
frc3059,1
frc3083,1
frc3103,1
frc3104,1
frc3132,1
frc3136,1
frc3162,1
frc3173,1
frc3187,1
frc3189,1
frc3197,1
frc3207,1
frc3215,1
frc3218,1
frc3223,1
frc3239,1
frc3277,1
frc3278,1
frc3288,1
frc3291,1
frc3294,1
frc3310,1
frc3345,1
frc3354,1
frc3357,1
frc3358,1
frc3373,1
frc3379,1
frc3381,1
frc3388,1
frc3390,1
frc3393,1
frc3452,1
frc3487,1
frc3488,1
frc3506,1
frc3528,1
frc3535,1
frc3536,1
frc3542,1
frc3547,1
frc3585,1
frc3609,1
frc3616,1
frc3624,1
frc3630,1
frc3641,1
frc3660,1
frc3668,1
frc3674,1
frc3688,1
frc3694,1
frc3737,1
frc3739,1
frc3750,1
frc3780,1
frc3793,1
frc3794,1
frc3822,1
frc3823,1
frc3853,1
frc3930,1
frc3931,1
frc3959,1
frc3986,1
frc3988,1
frc3990,1
frc3996,1
frc4004,1
frc4014,1
frc4026,1
frc4028,1
frc4031,1
frc4041,1
frc4077,1
frc4089,1
frc4092,1
frc4096,1
frc4097,1
frc4112,1
frc4120,1
frc4125,1
frc4130,1
frc4131,1
frc4135,1
frc4182,1
frc4187,1
frc4203,1
frc4218,1
frc4237,1
frc4248,1
frc4264,1
frc4272,1
frc4285,1
frc4290,1
frc4322,1
frc4329,1
frc4330,1
frc4336,1
frc4342,1
frc4355,1
frc4361,1
frc4378,1
frc4384,1
frc4400,1
frc4405,1
frc4409,1
frc4416,1
frc4418,1
frc4422,1
frc4453,1
frc4462,1
frc4471,1
frc4474,1
frc4476,1
frc4508,1
frc4509,1
frc4519,1
frc4537,1
frc4546,1
frc4550,1
frc4557,1
frc4572,1
frc4573,1
frc4576,1
frc4580,1
frc4590,1
frc4592,1
frc4610,1
frc4616,1
frc4618,1
frc4621,1
frc4627,1
frc4635,1
frc4653,1
frc4656,1
frc4680,1
frc4694,1
frc4735,1
frc4744,1
frc4750,1
frc4775,1
frc4802,1
frc4818,1
frc4842,1
frc4905,1
frc4911,1
frc4913,1
frc4914,1
frc4926,1
frc4939,1
frc4944,1
frc4945,1
frc4959,1
frc4967,1
frc4980,1
frc4985,1
frc4998,1
frc5016,1
frc5041,1
frc5050,1
frc5066,1
frc5069,1
frc5084,1
frc5110,1
frc5122,1
frc5135,1
frc5137,1
frc5152,1
frc5163,1
frc5199,1
frc5216,1
frc5236,1
frc5243,1
frc5257,1
frc5273,1
frc5293,1
frc5314,1
frc5316,1
frc5336,1
frc5344,1
frc5347,1
frc5404,1
frc5414,1
frc5426,1
frc5430,1
frc5443,1
frc5448,1
frc5454,1
frc5462,1
frc5484,1
frc5502,1
frc5504,1
frc5518,1
frc5524,1
frc5549,1
frc5561,1
frc5566,1
frc5567,1
frc5572,1
frc5584,1
frc5623,1
frc5648,1
frc5659,1
frc5675,1
frc5704,1
frc5724,1
frc5756,1
frc5783,1
frc5800,1
frc5802,1
frc5811,1
frc5817,1
frc5846,1
frc5851,1
frc5869,1
frc5870,1
frc5887,1
frc5901,1
frc5912,1
frc5915,1
frc5919,1
frc5920,1
frc5930,1
frc5945,1
frc5951,1
frc5983,1
frc5993,1
frc6009,1
frc6027,1
frc6035,1
frc6063,1
frc6073,1
frc6076,1
frc6077,1
frc6078,1
frc6083,1
frc6107,1
frc6112,1
frc6121,1
frc6155,1
frc6191,1
frc6203,1
frc6236,1
frc6237,1
frc6303,1
frc6322,1
frc6326,1
frc6329,1
frc6331,1
frc6333,1
frc6334,1
frc6341,1
frc6348,1
frc6352,1
frc6364,1
frc6459,1
frc6476,1
frc6481,1
frc6487,1
frc6528,1
frc6530,1
frc6554,1
frc6565,1
frc6566,1
frc6584,1
frc6606,1
frc6615,1
frc6637,1
frc6647,1
frc6652,1
frc6664,1
frc6694,1
frc6702,1
frc6729,1
frc6738,1
frc6802,1
frc6822,1
frc6854,1
frc6894,1
frc6909,1
frc6933,1
frc6947,1
frc6956,1
frc6962,1
frc7037,1
frc7094,1
frc7102,1
frc7130,1
frc7135,1
frc7154,1
frc7157,1
frc7165,1
frc7166,1
frc7169,1
frc7190,1
frc7197,1
frc7198,1
frc7202,1
frc7266,1
frc7457,1
frc7461,1
frc7539,1
frc7540,1
frc7575,1
frc7589,1
frc7595,1
frc7605,1
frc7645,1
frc7687,1
frc7709,1
frc7712,1
frc7719,1
frc7797,1
frc7800,1
frc7830,1
frc7845,1
frc7850,1
frc8013,1
frc8019,1
frc8033,1
frc8044,1
frc8087,1
frc8100,1
frc8177,1
frc8232,1
frc8507,1
frc8573,1
frc8701,1
frc8708,1
frc8736,1
frc8757,1
frc8789,1
frc8809,1
frc8850,1
frc8866,1
frc9006,1
frc9043,1
frc9050,1
frc9086,1
frc9143,1
frc9155,1
frc9166,1
frc9181,1
frc9220,1
frc9264,1
frc9307,1
frc9492,1
frc9545,1
frc9709,1
frc5,0
frc6,0
frc7,0
frc8,0
frc9,0
frc10,0
frc13,0
frc14,0
frc15,0
frc16,0
frc17,0
frc18,0
frc19,0
frc20,0
frc21,0
frc23,0
frc24,0
frc25,0
frc27,0
frc28,0
frc29,0
frc30,0
frc31,0
frc35,0
frc37,0
frc38,0
frc39,0
frc41,0
frc42,0
frc46,0
frc47,0
frc49,0
frc52,0
frc53,0
frc55,0
frc57,0
frc61,0
frc62,0
frc67,0
frc69,0
frc70,0
frc71,0
frc73,0
frc74,0
frc75,0
frc77,0
frc78,0
frc80,0
frc84,0
frc85,0
frc86,0
frc89,0
frc90,0
frc92,0
frc93,0
frc95,0
frc97,0
frc98,0
frc103,0
frc104,0
frc105,0
frc106,0
frc109,0
frc114,0
frc115,0
frc117,0
frc118,0
frc121,0
frc123,0
frc124,0
frc125,0
frc126,0
frc127,0
frc128,0
frc130,0
frc131,0
frc132,0
frc133,0
frc135,0
frc136,0
frc138,0
frc146,0
frc147,0
frc148,0
frc151,0
frc153,0
frc156,0
frc157,0
frc158,0
frc159,0
frc161,0
frc162,0
frc163,0
frc165,0
frc168,0
frc169,0
frc171,0
frc174,0
frc177,0
frc178,0
frc180,0
frc181,0
frc182,0
frc184,0
frc186,0
frc188,0
frc190,0
frc195,0
frc197,0
frc201,0
frc202,0
frc204,0
frc209,0
frc211,0
frc212,0
frc213,0
frc215,0
frc216,0
frc219,0
frc221,0
frc222,0
frc224,0
frc225,0
frc227,0
frc229,0
frc230,0
frc231,0
frc232,0
frc235,0
frc236,0
frc239,0
frc240,0
frc244,0
frc246,0
frc248,0
frc249,0
frc250,0
frc252,0
frc254,0
frc255,0
frc256,0
frc257,0
frc258,0
frc259,0
frc260,0
frc261,0
frc263,0
frc264,0
frc265,0
frc266,0
frc267,0
frc268,0
frc269,0
frc270,0
frc274,0
frc276,0
frc277,0
frc278,0
frc279,0
frc281,0
frc282,0
frc283,0
frc284,0
frc287,0
frc290,0
frc292,0
frc293,0
frc296,0
frc297,0
frc298,0
frc299,0
frc300,0
frc304,0
frc306,0
frc309,0
frc312,0
frc313,0
frc314,0
frc315,0
frc317,0
frc319,0
frc323,0
frc324,0
frc326,0
frc328,0
frc330,0
frc331,0
frc334,0
frc335,0
frc337,0
frc338,0
frc339,0
frc343,0
frc345,0
frc346,0
frc348,0
frc349,0
frc350,0
frc351,0
frc352,0
frc353,0
frc356,0
frc358,0
frc359,0
frc361,0
frc367,0
frc368,0
frc369,0
frc371,0
frc372,0
frc373,0
frc374,0
frc376,0
frc378,0
frc380,0
frc381,0
frc382,0
frc383,0
frc384,0
frc386,0
frc391,0
frc393,0
frc394,0
frc397,0
frc398,0
frc400,0
frc402,0
frc404,0
frc405,0
frc406,0
frc407,0
frc408,0
frc409,0
frc410,0
frc411,0
frc413,0
frc414,0
frc415,0
frc416,0
frc417,0
frc419,0
frc420,0
frc421,0
frc422,0
frc423,0
frc424,0
frc425,0
frc426,0
frc428,0
frc433,0
frc434,0
frc435,0
frc437,0
frc438,0
frc440,0
frc442,0
frc443,0
frc444,0
frc446,0
frc447,0
frc448,0
frc449,0
frc453,0
frc456,0
frc457,0
frc459,0
frc460,0
frc462,0
frc463,0
frc464,0
frc465,0
frc466,0
frc468,0
frc470,0
frc471,0
frc473,0
frc475,0
frc478,0
frc480,0
frc481,0
frc484,0
frc486,0
frc487,0
frc488,0
frc491,0
frc492,0
frc493,0
frc495,0
frc496,0
frc497,0
frc498,0
frc499,0
frc500,0
frc502,0
frc504,0
frc505,0
frc506,0
frc508,0
frc511,0
frc512,0
frc513,0
frc514,0
frc515,0
frc517,0
frc518,0
frc519,0
frc520,0
frc521,0
frc524,0
frc527,0
frc528,0
frc529,0
frc533,0
frc535,0
frc536,0
frc537,0
frc541,0
frc545,0
frc546,0
frc547,0
frc548,0
frc549,0
frc550,0
frc551,0
frc554,0
frc555,0
frc557,0
frc560,0
frc561,0
frc562,0
frc563,0
frc564,0
frc565,0
frc566,0
frc569,0
frc570,0
frc574,0
frc575,0
frc576,0
frc577,0
frc579,0
frc580,0
frc581,0
frc582,0
frc583,0
frc586,0
frc588,0
frc590,0
frc591,0
frc592,0
frc593,0
frc594,0
frc596,0
frc598,0
frc600,0
frc601,0
frc602,0
frc603,0
frc604,0
frc605,0
frc606,0
frc607,0
frc608,0
frc609,0
frc611,0
frc612,0
frc613,0
frc615,0
frc616,0
frc617,0
frc618,0
frc619,0
frc620,0
frc621,0
frc622,0
frc623,0
frc625,0
frc627,0
frc628,0
frc630,0
frc632,0
frc633,0
frc634,0
frc635,0
frc636,0
frc637,0
frc638,0
frc640,0
frc641,0
frc642,0
frc643,0
frc644,0
frc645,0
frc646,0
frc650,0
frc651,0
frc652,0
frc653,0
frc654,0
frc655,0
frc658,0
frc659,0
frc660,0
frc662,0
frc664,0
frc665,0
frc666,0
frc667,0
frc668,0
frc670,0
frc671,0
frc674,0
frc675,0
frc676,0
frc677,0
frc679,0
frc681,0
frc684,0
frc685,0
frc687,0
frc688,0
frc690,0
frc694,0
frc696,0
frc697,0
frc698,0
frc699,0
frc700,0
frc702,0
frc704,0
frc706,0
frc708,0
frc711,0
frc713,0
frc715,0
frc716,0
frc731,0
frc743,0
frc744,0
frc746,0
frc748,0
frc749,0
frc750,0
frc751,0
frc752,0
frc754,0
frc755,0
frc758,0
frc760,0
frc762,0
frc764,0
frc765,0
frc766,0
frc768,0
frc769,0
frc770,0
frc771,0
frc776,0
frc779,0
frc780,0
frc782,0
frc783,0
frc800,0
frc802,0
frc803,0
frc804,0
frc805,0
frc806,0
frc807,0
frc808,0
frc809,0
frc810,0
frc812,0
frc814,0
frc815,0
frc820,0
frc822,0
frc824,0
frc825,0
frc827,0
frc830,0
frc831,0
frc832,0
frc833,0
frc834,0
frc835,0
frc836,0
frc837,0
frc839,0
frc841,0
frc842,0
frc845,0
frc848,0
frc849,0
frc850,0
frc851,0
frc852,0
frc853,0
frc857,0
frc858,0
frc859,0
frc861,0
frc863,0
frc865,0
frc866,0
frc867,0
frc868,0
frc871,0
frc873,0
frc874,0
frc875,0
frc876,0
frc877,0
frc878,0
frc879,0
frc880,0
frc881,0
frc883,0
frc884,0
frc886,0
frc887,0
frc888,0
frc889,0
frc891,0
frc892,0
frc894,0
frc896,0
frc897,0
frc899,0
frc901,0
frc902,0
frc905,0
frc906,0
frc907,0
frc908,0
frc909,0
frc912,0
frc913,0
frc914,0
frc915,0
frc917,0
frc918,0
frc919,0
frc920,0
frc922,0
frc925,0
frc926,0
frc927,0
frc928,0
frc930,0
frc933,0
frc934,0
frc935,0
frc936,0
frc937,0
frc938,0
frc939,0
frc940,0
frc941,0
frc942,0
frc943,0
frc946,0
frc947,0
frc948,0
frc949,0
frc950,0
frc953,0
frc954,0
frc955,0
frc956,0
frc957,0
frc959,0
frc960,0
frc961,0
frc962,0
frc964,0
frc966,0
frc968,0
frc969,0
frc970,0
frc971,0
frc972,0
frc973,0
frc975,0
frc976,0
frc977,0
frc979,0
frc980,0
frc981,0
frc982,0
frc984,0
frc987,0
frc988,0
frc989,0
frc990,0
frc992,0
frc995,0
frc996,0
frc998,0
frc999,0
frc1000,0
frc1001,0
frc1002,0
frc1005,0
frc1007,0
frc1008,0
frc1009,0
frc1010,0
frc1013,0
frc1014,0
frc1015,0
frc1016,0
frc1017,0
frc1019,0
frc1020,0
frc1022,0
frc1023,0
frc1026,0
frc1027,0
frc1028,0
frc1029,0
frc1030,0
frc1031,0
frc1033,0
frc1034,0
frc1035,0
frc1036,0
frc1037,0
frc1039,0
frc1040,0
frc1041,0
frc1042,0
frc1043,0
frc1045,0
frc1046,0
frc1047,0
frc1048,0
frc1049,0
frc1051,0
frc1052,0
frc1053,0
frc1054,0
frc1055,0
frc1056,0
frc1057,0
frc1058,0
frc1059,0
frc1060,0
frc1062,0
frc1063,0
frc1064,0
frc1065,0
frc1067,0
frc1068,0
frc1069,0
frc1070,0
frc1071,0
frc1072,0
frc1073,0
frc1074,0
frc1076,0
frc1077,0
frc1079,0
frc1080,0
frc1081,0
frc1082,0
frc1083,0
frc1084,0
frc1085,0
frc1087,0
frc1088,0
frc1089,0
frc1090,0
frc1091,0
frc1092,0
frc1093,0
frc1095,0
frc1096,0
frc1097,0
frc1098,0
frc1101,0
frc1102,0
frc1103,0
frc1104,0
frc1105,0
frc1106,0
frc1108,0
frc1109,0
frc1110,0
frc1112,0
frc1113,0
frc1114,0
frc1115,0
frc1116,0
frc1118,0
frc1119,0
frc1120,0
frc1122,0
frc1123,0
frc1124,0
frc1125,0
frc1126,0
frc1127,0
frc1129,0
frc1131,0
frc1132,0
frc1133,0
frc1135,0
frc1136,0
frc1137,0
frc1138,0
frc1139,0
frc1140,0
frc1141,0
frc1142,0
frc1143,0
frc1144,0
frc1146,0
frc1147,0
frc1148,0
frc1149,0
frc1150,0
frc1151,0
frc1152,0
frc1153,0
frc1154,0
frc1156,0
frc1158,0
frc1161,0
frc1162,0
frc1163,0
frc1164,0
frc1165,0
frc1166,0
frc1167,0
frc1168,0
frc1169,0
frc1172,0
frc1177,0
frc1178,0
frc1180,0
frc1181,0
frc1182,0
frc1183,0
frc1184,0
frc1185,0
frc1187,0
frc1190,0
frc1191,0
frc1192,0
frc1195,0
frc1197,0
frc1199,0
frc1200,0
frc1201,0
frc1202,0
frc1203,0
frc1204,0
frc1205,0
frc1206,0
frc1208,0
frc1209,0
frc1210,0
frc1211,0
frc1212,0
frc1213,0
frc1214,0
frc1215,0
frc1216,0
frc1219,0
frc1220,0
frc1221,0
frc1222,0
frc1223,0
frc1226,0
frc1227,0
frc1229,0
frc1230,0
frc1232,0
frc1235,0
frc1236,0
frc1237,0
frc1238,0
frc1239,0
frc1240,0
frc1242,0
frc1244,0
frc1245,0
frc1246,0
frc1247,0
frc1248,0
frc1250,0
frc1251,0
frc1254,0
frc1256,0
frc1258,0
frc1261,0
frc1263,0
frc1268,0
frc1270,0
frc1272,0
frc1274,0
frc1275,0
frc1276,0
frc1277,0
frc1278,0
frc1279,0
frc1281,0
frc1284,0
frc1285,0
frc1286,0
frc1287,0
frc1290,0
frc1291,0
frc1292,0
frc1294,0
frc1295,0
frc1297,0
frc1298,0
frc1299,0
frc1300,0
frc1301,0
frc1302,0
frc1303,0
frc1304,0
frc1305,0
frc1306,0
frc1307,0
frc1308,0
frc1309,0
frc1310,0
frc1311,0
frc1312,0
frc1315,0
frc1318,0
frc1320,0
frc1325,0
frc1326,0
frc1327,0
frc1329,0
frc1330,0
frc1331,0
frc1332,0
frc1335,0
frc1336,0
frc1337,0
frc1338,0
frc1340,0
frc1341,0
frc1342,0
frc1343,0
frc1345,0
frc1346,0
frc1347,0
frc1348,0
frc1349,0
frc1350,0
frc1352,0
frc1353,0
frc1355,0
frc1356,0
frc1357,0
frc1360,0
frc1361,0
frc1364,0
frc1365,0
frc1366,0
frc1367,0
frc1368,0
frc1369,0
frc1371,0
frc1372,0
frc1373,0
frc1374,0
frc1375,0
frc1376,0
frc1377,0
frc1378,0
frc1379,0
frc1380,0
frc1382,0
frc1384,0
frc1385,0
frc1386,0
frc1387,0
frc1388,0
frc1389,0
frc1390,0
frc1391,0
frc1392,0
frc1393,0
frc1394,0
frc1395,0
frc1396,0
frc1397,0
frc1401,0
frc1402,0
frc1403,0
frc1404,0
frc1406,0
frc1407,0
frc1408,0
frc1409,0
frc1411,0
frc1412,0
frc1413,0
frc1414,0
frc1415,0
frc1416,0
frc1417,0
frc1418,0
frc1419,0
frc1420,0
frc1422,0
frc1426,0
frc1427,0
frc1428,0
frc1429,0
frc1430,0
frc1432,0
frc1433,0
frc1435,0
frc1436,0
frc1437,0
frc1438,0
frc1439,0
frc1440,0
frc1441,0
frc1442,0
frc1444,0
frc1446,0
frc1447,0
frc1448,0
frc1449,0
frc1450,0
frc1451,0
frc1452,0
frc1453,0
frc1455,0
frc1456,0
frc1457,0
frc1459,0
frc1460,0
frc1461,0
frc1462,0
frc1463,0
frc1464,0
frc1465,0
frc1466,0
frc1467,0
frc1468,0
frc1469,0
frc1470,0
frc1472,0
frc1474,0
frc1475,0
frc1476,0
frc1477,0
frc1478,0
frc1479,0
frc1480,0
frc1482,0
frc1484,0
frc1485,0
frc1486,0
frc1489,0
frc1490,0
frc1492,0
frc1493,0
frc1495,0
frc1496,0
frc1497,0
frc1500,0
frc1502,0
frc1504,0
frc1505,0
frc1508,0
frc1509,0
frc1510,0
frc1512,0
frc1513,0
frc1514,0
frc1516,0
frc1517,0
frc1518,0
frc1519,0
frc1520,0
frc1522,0
frc1524,0
frc1525,0
frc1527,0
frc1530,0
frc1531,0
frc1532,0
frc1533,0
frc1534,0
frc1535,0
frc1537,0
frc1542,0
frc1543,0
frc1544,0
frc1545,0
frc1546,0
frc1548,0
frc1549,0
frc1550,0
frc1552,0
frc1553,0
frc1554,0
frc1556,0
frc1557,0
frc1558,0
frc1559,0
frc1560,0
frc1562,0
frc1563,0
frc1564,0
frc1565,0
frc1566,0
frc1567,0
frc1568,0
frc1570,0
frc1571,0
frc1572,0
frc1573,0
frc1574,0
frc1575,0
frc1576,0
frc1577,0
frc1578,0
frc1581,0
frc1582,0
frc1584,0
frc1585,0
frc1588,0
frc1589,0
frc1590,0
frc1592,0
frc1593,0
frc1595,0
frc1597,0
frc1598,0
frc1600,0
frc1601,0
frc1602,0
frc1603,0
frc1604,0
frc1605,0
frc1606,0
frc1607,0
frc1609,0
frc1610,0
frc1611,0
frc1612,0
frc1613,0
frc1616,0
frc1617,0
frc1618,0
frc1619,0
frc1620,0
frc1621,0
frc1623,0
frc1624,0
frc1625,0
frc1628,0
frc1629,0
frc1631,0
frc1634,0
frc1635,0
frc1636,0
frc1640,0
frc1642,0
frc1643,0
frc1644,0
frc1645,0
frc1647,0
frc1649,0
frc1650,0
frc1651,0
frc1652,0
frc1653,0
frc1654,0
frc1655,0
frc1656,0
frc1657,0
frc1658,0
frc1661,0
frc1662,0
frc1665,0
frc1666,0
frc1667,0
frc1669,0
frc1670,0
frc1671,0
frc1672,0
frc1674,0
frc1676,0
frc1677,0
frc1678,0
frc1680,0
frc1682,0
frc1683,0
frc1684,0
frc1685,0
frc1686,0
frc1687,0
frc1688,0
frc1689,0
frc1690,0
frc1691,0
frc1692,0
frc1693,0
frc1694,0
frc1695,0
frc1696,0
frc1697,0
frc1698,0
frc1702,0
frc1703,0
frc1704,0
frc1705,0
frc1706,0
frc1707,0
frc1709,0
frc1713,0
frc1714,0
frc1715,0
frc1716,0
frc1718,0
frc1720,0
frc1721,0
frc1722,0
frc1724,0
frc1725,0
frc1726,0
frc1727,0
frc1728,0
frc1730,0
frc1731,0
frc1733,0
frc1734,0
frc1737,0
frc1738,0
frc1739,0
frc1742,0
frc1744,0
frc1748,0
frc1749,0
frc1751,0
frc1752,0
frc1753,0
frc1754,0
frc1755,0
frc1757,0
frc1759,0
frc1760,0
frc1763,0
frc1764,0
frc1765,0
frc1766,0
frc1767,0
frc1768,0
frc1769,0
frc1770,0
frc1771,0
frc1772,0
frc1774,0
frc1776,0
frc1777,0
frc1779,0
frc1780,0
frc1781,0
frc1782,0
frc1783,0
frc1784,0
frc1786,0
frc1787,0
frc1788,0
frc1789,0
frc1790,0
frc1792,0
frc1793,0
frc1794,0
frc1795,0
frc1798,0
frc1799,0
frc1800,0
frc1801,0
frc1803,0
frc1804,0
frc1805,0
frc1806,0
frc1808,0
frc1809,0
frc1812,0
frc1813,0
frc1814,0
frc1815,0
frc1816,0
frc1817,0
frc1818,0
frc1819,0
frc1820,0
frc1822,0
frc1823,0
frc1824,0
frc1825,0
frc1826,0
frc1827,0
frc1828,0
frc1829,0
frc1830,0
frc1831,0
frc1834,0
frc1835,0
frc1836,0
frc1837,0
frc1838,0
frc1839,0
frc1840,0
frc1841,0
frc1842,0
frc1843,0
frc1845,0
frc1846,0
frc1847,0
frc1849,0
frc1850,0
frc1851,0
frc1852,0
frc1853,0
frc1855,0
frc1856,0
frc1858,0
frc1859,0
frc1860,0
frc1861,0
frc1862,0
frc1863,0
frc1864,0
frc1865,0
frc1866,0
frc1867,0
frc1870,0
frc1871,0
frc1872,0
frc1873,0
frc1876,0
frc1877,0
frc1879,0
frc1880,0
frc1882,0
frc1883,0
frc1886,0
frc1887,0
frc1888,0
frc1889,0
frc1890,0
frc1891,0
frc1893,0
frc1894,0
frc1895,0
frc1896,0
frc1897,0
frc1898,0
frc1900,0
frc1901,0
frc1904,0
frc1905,0
frc1906,0
frc1907,0
frc1908,0
frc1909,0
frc1910,0
frc1911,0
frc1913,0
frc1914,0
frc1915,0
frc1916,0
frc1917,0
frc1919,0
frc1923,0
frc1925,0
frc1926,0
frc1927,0
frc1929,0
frc1931,0
frc1932,0
frc1933,0
frc1934,0
frc1935,0
frc1937,0
frc1938,0
frc1940,0
frc1941,0
frc1942,0
frc1943,0
frc1944,0
frc1945,0
frc1946,0
frc1947,0
frc1948,0
frc1949,0
frc1950,0
frc1951,0
frc1952,0
frc1954,0
frc1955,0
frc1956,0
frc1957,0
frc1959,0
frc1960,0
frc1961,0
frc1962,0
frc1963,0
frc1966,0
frc1970,0
frc1972,0
frc1973,0
frc1974,0
frc1975,0
frc1976,0
frc1977,0
frc1978,0
frc1980,0
frc1981,0
frc1982,0
frc1985,0
frc1987,0
frc1988,0
frc1989,0
frc1990,0
frc1992,0
frc1994,0
frc1995,0
frc1996,0
frc1998,0
frc2000,0
frc2001,0
frc2002,0
frc2004,0
frc2005,0
frc2007,0
frc2008,0
frc2009,0
frc2010,0
frc2011,0
frc2012,0
frc2014,0
frc2015,0
frc2017,0
frc2019,0
frc2021,0
frc2022,0
frc2023,0
frc2024,0
frc2025,0
frc2026,0
frc2027,0
frc2028,0
frc2030,0
frc2031,0
frc2032,0
frc2033,0
frc2035,0
frc2036,0
frc2037,0
frc2038,0
frc2039,0
frc2041,0
frc2042,0
frc2043,0
frc2044,0
frc2045,0
frc2047,0
frc2049,0
frc2050,0
frc2052,0
frc2053,0
frc2054,0
frc2055,0
frc2056,0
frc2057,0
frc2060,0
frc2061,0
frc2063,0
frc2064,0
frc2065,0
frc2066,0
frc2069,0
frc2070,0
frc2071,0
frc2072,0
frc2073,0
frc2074,0
frc2076,0
frc2077,0
frc2078,0
frc2080,0
frc2081,0
frc2083,0
frc2084,0
frc2087,0
frc2089,0
frc2090,0
frc2091,0
frc2092,0
frc2093,0
frc2095,0
frc2097,0
frc2098,0
frc2099,0
frc2100,0
frc2103,0
frc2104,0
frc2105,0
frc2106,0
frc2107,0
frc2108,0
frc2109,0
frc2110,0
frc2111,0
frc2112,0
frc2115,0
frc2117,0
frc2119,0
frc2120,0
frc2121,0
frc2122,0
frc2124,0
frc2125,0
frc2126,0
frc2127,0
frc2130,0
frc2132,0
frc2133,0
frc2134,0
frc2135,0
frc2136,0
frc2139,0
frc2140,0
frc2141,0
frc2142,0
frc2143,0
frc2144,0
frc2147,0
frc2148,0
frc2150,0
frc2151,0
frc2153,0
frc2154,0
frc2156,0
frc2157,0
frc2159,0
frc2161,0
frc2162,0
frc2163,0
frc2164,0
frc2165,0
frc2166,0
frc2167,0
frc2168,0
frc2171,0
frc2172,0
frc2173,0
frc2174,0
frc2175,0
frc2176,0
frc2178,0
frc2180,0
frc2182,0
frc2183,0
frc2184,0
frc2185,0
frc2186,0
frc2187,0
frc2188,0
frc2189,0
frc2190,0
frc2192,0
frc2193,0
frc2196,0
frc2197,0
frc2198,0
frc2200,0
frc2201,0
frc2202,0
frc2203,0
frc2204,0
frc2205,0
frc2206,0
frc2207,0
frc2208,0
frc2209,0
frc2210,0
frc2211,0
frc2212,0
frc2213,0
frc2214,0
frc2215,0
frc2216,0
frc2217,0
frc2219,0
frc2221,0
frc2222,0
frc2223,0
frc2224,0
frc2225,0
frc2226,0
frc2227,0
frc2229,0
frc2230,0
frc2232,0
frc2234,0
frc2235,0
frc2236,0
frc2237,0
frc2239,0
frc2241,0
frc2242,0
frc2243,0
frc2244,0
frc2245,0
frc2247,0
frc2249,0
frc2250,0
frc2251,0
frc2252,0
frc2254,0
frc2257,0
frc2259,0
frc2260,0
frc2261,0
frc2262,0
frc2266,0
frc2269,0
frc2272,0
frc2273,0
frc2274,0
frc2275,0
frc2276,0
frc2278,0
frc2279,0
frc2280,0
frc2283,0
frc2285,0
frc2287,0
frc2288,0
frc2330,0
frc2332,0
frc2333,0
frc2335,0
frc2336,0
frc2337,0
frc2338,0
frc2339,0
frc2340,0
frc2343,0
frc2344,0
frc2345,0
frc2346,0
frc2347,0
frc2348,0
frc2349,0
frc2350,0
frc2353,0
frc2354,0
frc2359,0
frc2360,0
frc2361,0
frc2362,0
frc2363,0
frc2364,0
frc2365,0
frc2366,0
frc2367,0
frc2368,0
frc2369,0
frc2371,0
frc2372,0
frc2373,0
frc2374,0
frc2376,0
frc2378,0
frc2380,0
frc2381,0
frc2382,0
frc2385,0
frc2387,0
frc2388,0
frc2389,0
frc2390,0
frc2391,0
frc2392,0
frc2393,0
frc2394,0
frc2396,0
frc2397,0
frc2398,0
frc2399,0
frc2400,0
frc2401,0
frc2402,0
frc2404,0
frc2406,0
frc2407,0
frc2408,0
frc2409,0
frc2410,0
frc2411,0
frc2413,0
frc2414,0
frc2415,0
frc2417,0
frc2418,0
frc2419,0
frc2420,0
frc2421,0
frc2422,0
frc2424,0
frc2425,0
frc2427,0
frc2428,0
frc2429,0
frc2430,0
frc2431,0
frc2432,0
frc2433,0
frc2434,0
frc2435,0
frc2436,0
frc2437,0
frc2438,0
frc2439,0
frc2440,0
frc2441,0
frc2443,0
frc2444,0
frc2446,0
frc2447,0
frc2448,0
frc2451,0
frc2453,0
frc2454,0
frc2455,0
frc2456,0
frc2457,0
frc2458,0
frc2459,0
frc2460,0
frc2461,0
frc2462,0
frc2463,0
frc2464,0
frc2465,0
frc2466,0
frc2467,0
frc2469,0
frc2472,0
frc2474,0
frc2475,0
frc2476,0
frc2477,0
frc2478,0
frc2479,0
frc2480,0
frc2481,0
frc2483,0
frc2484,0
frc2487,0
frc2488,0
frc2489,0
frc2490,0
frc2493,0
frc2496,0
frc2497,0
frc2498,0
frc2499,0
frc2501,0
frc2502,0
frc2503,0
frc2504,0
frc2505,0
frc2506,0
frc2508,0
frc2509,0
frc2510,0
frc2511,0
frc2512,0
frc2513,0
frc2514,0
frc2515,0
frc2518,0
frc2520,0
frc2521,0
frc2523,0
frc2524,0
frc2525,0
frc2526,0
frc2528,0
frc2529,0
frc2530,0
frc2531,0
frc2532,0
frc2533,0
frc2534,0
frc2535,0
frc2536,0
frc2537,0
frc2539,0
frc2540,0
frc2542,0
frc2543,0
frc2544,0
frc2545,0
frc2546,0
frc2547,0
frc2550,0
frc2551,0
frc2553,0
frc2554,0
frc2555,0
frc2557,0
frc2558,0
frc2559,0
frc2560,0
frc2561,0
frc2562,0
frc2563,0
frc2564,0
frc2565,0
frc2566,0
frc2567,0
frc2568,0
frc2569,0
frc2570,0
frc2571,0
frc2572,0
frc2573,0
frc2574,0
frc2575,0
frc2576,0
frc2577,0
frc2579,0
frc2580,0
frc2581,0
frc2582,0
frc2583,0
frc2584,0
frc2585,0
frc2587,0
frc2588,0
frc2589,0
frc2590,0
frc2591,0
frc2592,0
frc2593,0
frc2594,0
frc2595,0
frc2596,0
frc2597,0
frc2598,0
frc2599,0
frc2600,0
frc2601,0
frc2602,0
frc2603,0
frc2604,0
frc2606,0
frc2608,0
frc2609,0
frc2611,0
frc2612,0
frc2613,0
frc2614,0
frc2617,0
frc2618,0
frc2620,0
frc2621,0
frc2622,0
frc2623,0
frc2624,0
frc2625,0
frc2627,0
frc2628,0
frc2632,0
frc2633,0
frc2634,0
frc2635,0
frc2638,0
frc2641,0
frc2643,0
frc2644,0
frc2645,0
frc2647,0
frc2648,0
frc2649,0
frc2650,0
frc2652,0
frc2653,0
frc2654,0
frc2656,0
frc2657,0
frc2658,0
frc2659,0
frc2660,0
frc2661,0
frc2663,0
frc2664,0
frc2665,0
frc2667,0
frc2668,0
frc2670,0
frc2672,0
frc2673,0
frc2674,0
frc2675,0
frc2676,0
frc2678,0
frc2680,0
frc2681,0
frc2685,0
frc2686,0
frc2687,0
frc2688,0
frc2689,0
frc2702,0
frc2703,0
frc2704,0
frc2705,0
frc2707,0
frc2709,0
frc2710,0
frc2711,0
frc2713,0
frc2716,0
frc2718,0
frc2719,0
frc2720,0
frc2721,0
frc2722,0
frc2723,0
frc2725,0
frc2729,0
frc2735,0
frc2737,0
frc2739,0
frc2741,0
frc2743,0
frc2745,0
frc2747,0
frc2749,0
frc2753,0
frc2757,0
frc2759,0
frc2761,0
frc2763,0
frc2765,0
frc2769,0
frc2773,0
frc2775,0
frc2777,0
frc2779,0
frc2781,0
frc2783,0
frc2785,0
frc2787,0
frc2789,0
frc2793,0
frc2795,0
frc2799,0
frc2803,0
frc2805,0
frc2811,0
frc2813,0
frc2815,0
frc2817,0
frc2819,0
frc2821,0
frc2823,0
frc2825,0
frc2827,0
frc2829,0
frc2830,0
frc2831,0
frc2833,0
frc2835,0
frc2837,0
frc2838,0
frc2840,0
frc2841,0
frc2842,0
frc2843,0
frc2844,0
frc2845,0
frc2847,0
frc2848,0
frc2849,0
frc2850,0
frc2851,0
frc2853,0
frc2854,0
frc2855,0
frc2856,0
frc2857,0
frc2859,0
frc2861,0
frc2862,0
frc2864,0
frc2865,0
frc2866,0
frc2867,0
frc2869,0
frc2871,0
frc2872,0
frc2873,0
frc2874,0
frc2875,0
frc2879,0
frc2880,0
frc2882,0
frc2883,0
frc2884,0
frc2885,0
frc2887,0
frc2888,0
frc2892,0
frc2893,0
frc2894,0
frc2895,0
frc2896,0
frc2897,0
frc2900,0
frc2901,0
frc2902,0
frc2904,0
frc2906,0
frc2908,0
frc2909,0
frc2911,0
frc2912,0
frc2913,0
frc2914,0
frc2915,0
frc2916,0
frc2917,0
frc2918,0
frc2919,0
frc2920,0
frc2921,0
frc2922,0
frc2923,0
frc2924,0
frc2925,0
frc2926,0
frc2927,0
frc2929,0
frc2932,0
frc2933,0
frc2934,0
frc2935,0
frc2938,0
frc2940,0
frc2941,0
frc2943,0
frc2945,0
frc2946,0
frc2947,0
frc2948,0
frc2949,0
frc2950,0
frc2951,0
frc2952,0
frc2953,0
frc2956,0
frc2957,0
frc2958,0
frc2960,0
frc2961,0
frc2962,0
frc2963,0
frc2964,0
frc2965,0
frc2966,0
frc2967,0
frc2970,0
frc2971,0
frc2972,0
frc2973,0
frc2974,0
frc2975,0
frc2976,0
frc2977,0
frc2979,0
frc2980,0
frc2981,0
frc2982,0
frc2983,0
frc2984,0
frc2985,0
frc2986,0
frc2988,0
frc2989,0
frc2990,0
frc2991,0
frc2993,0
frc2994,0
frc2995,0
frc2998,0
frc2999,0
frc3000,0
frc3001,0
frc3002,0
frc3003,0
frc3004,0
frc3005,0
frc3006,0
frc3007,0
frc3008,0
frc3009,0
frc3011,0
frc3012,0
frc3013,0
frc3014,0
frc3016,0
frc3017,0
frc3018,0
frc3020,0
frc3021,0
frc3022,0
frc3023,0
frc3024,0
frc3025,0
frc3026,0
frc3027,0
frc3028,0
frc3029,0
frc3032,0
frc3034,0
frc3036,0
frc3037,0
frc3038,0
frc3039,0
frc3040,0
frc3041,0
frc3042,0
frc3043,0
frc3045,0
frc3046,0
frc3048,0
frc3049,0
frc3052,0
frc3053,0
frc3054,0
frc3055,0
frc3056,0
frc3057,0
frc3058,0
frc3060,0
frc3061,0
frc3062,0
frc3063,0
frc3064,0
frc3065,0
frc3067,0
frc3069,0
frc3070,0
frc3071,0
frc3072,0
frc3073,0
frc3074,0
frc3076,0
frc3077,0
frc3079,0
frc3080,0
frc3081,0
frc3082,0
frc3084,0
frc3086,0
frc3087,0
frc3088,0
frc3089,0
frc3090,0
frc3091,0
frc3092,0
frc3093,0
frc3094,0
frc3095,0
frc3096,0
frc3097,0
frc3100,0
frc3102,0
frc3105,0
frc3106,0
frc3107,0
frc3108,0
frc3109,0
frc3110,0
frc3111,0
frc3112,0
frc3114,0
frc3115,0
frc3116,0
frc3117,0
frc3119,0
frc3120,0
frc3121,0
frc3122,0
frc3123,0
frc3124,0
frc3125,0
frc3126,0
frc3128,0
frc3129,0
frc3130,0
frc3131,0
frc3133,0
frc3134,0
frc3135,0
frc3137,0
frc3138,0
frc3139,0
frc3140,0
frc3141,0
frc3143,0
frc3144,0
frc3146,0
frc3147,0
frc3148,0
frc3149,0
frc3150,0
frc3151,0
frc3152,0
frc3154,0
frc3155,0
frc3156,0
frc3158,0
frc3161,0
frc3163,0
frc3164,0
frc3165,0
frc3166,0
frc3167,0
frc3168,0
frc3169,0
frc3170,0
frc3172,0
frc3174,0
frc3175,0
frc3177,0
frc3179,0
frc3180,0
frc3181,0
frc3183,0
frc3185,0
frc3186,0
frc3188,0
frc3190,0
frc3191,0
frc3192,0
frc3193,0
frc3194,0
frc3195,0
frc3198,0
frc3200,0
frc3201,0
frc3202,0
frc3203,0
frc3205,0
frc3206,0
frc3208,0
frc3209,0
frc3210,0
frc3211,0
frc3212,0
frc3213,0
frc3214,0
frc3216,0
frc3217,0
frc3220,0
frc3221,0
frc3222,0
frc3224,0
frc3225,0
frc3226,0
frc3227,0
frc3228,0
frc3229,0
frc3230,0
frc3231,0
frc3232,0
frc3233,0
frc3234,0
frc3235,0
frc3236,0
frc3237,0
frc3240,0
frc3241,0
frc3242,0
frc3243,0
frc3244,0
frc3245,0
frc3246,0
frc3247,0
frc3250,0
frc3251,0
frc3253,0
frc3256,0
frc3257,0
frc3258,0
frc3259,0
frc3260,0
frc3261,0
frc3262,0
frc3263,0
frc3264,0
frc3265,0
frc3266,0
frc3267,0
frc3268,0
frc3270,0
frc3271,0
frc3272,0
frc3273,0
frc3274,0
frc3275,0
frc3276,0
frc3279,0
frc3280,0
frc3281,0
frc3282,0
frc3283,0
frc3284,0
frc3286,0
frc3289,0
frc3290,0
frc3292,0
frc3293,0
frc3295,0
frc3296,0
frc3297,0
frc3298,0
frc3299,0
frc3300,0
frc3301,0
frc3302,0
frc3305,0
frc3306,0
frc3307,0
frc3308,0
frc3309,0
frc3311,0
frc3312,0
frc3313,0
frc3315,0
frc3316,0
frc3317,0
frc3318,0
frc3319,0
frc3320,0
frc3321,0
frc3323,0
frc3324,0
frc3325,0
frc3326,0
frc3328,0
frc3329,0
frc3330,0
frc3331,0
frc3332,0
frc3333,0
frc3334,0
frc3335,0
frc3336,0
frc3337,0
frc3341,0
frc3343,0
frc3344,0
frc3346,0
frc3349,0
frc3350,0
frc3351,0
frc3353,0
frc3355,0
frc3356,0
frc3359,0
frc3361,0
frc3362,0
frc3363,0
frc3364,0
frc3366,0
frc3367,0
frc3368,0
frc3369,0
frc3370,0
frc3371,0
frc3374,0
frc3375,0
frc3376,0
frc3377,0
frc3378,0
frc3380,0
frc3382,0
frc3383,0
frc3384,0
frc3385,0
frc3386,0
frc3387,0
frc3389,0
frc3392,0
frc3394,0
frc3396,0
frc3397,0
frc3398,0
frc3399,0
frc3400,0
frc3401,0
frc3402,0
frc3403,0
frc3404,0
frc3405,0
frc3406,0
frc3407,0
frc3408,0
frc3409,0
frc3411,0
frc3412,0
frc3413,0
frc3415,0
frc3416,0
frc3417,0
frc3418,0
frc3419,0
frc3420,0
frc3421,0
frc3422,0
frc3423,0
frc3450,0
frc3451,0
frc3453,0
frc3454,0
frc3455,0
frc3456,0
frc3457,0
frc3458,0
frc3459,0
frc3460,0
frc3461,0
frc3462,0
frc3463,0
frc3464,0
frc3466,0
frc3467,0
frc3468,0
frc3469,0
frc3471,0
frc3472,0
frc3473,0
frc3474,0
frc3475,0
frc3477,0
frc3478,0
frc3479,0
frc3480,0
frc3481,0
frc3482,0
frc3483,0
frc3484,0
frc3485,0
frc3486,0
frc3490,0
frc3491,0
frc3492,0
frc3493,0
frc3494,0
frc3495,0
frc3496,0
frc3497,0
frc3498,0
frc3499,0
frc3500,0
frc3501,0
frc3503,0
frc3504,0
frc3505,0
frc3507,0
frc3508,0
frc3509,0
frc3510,0
frc3511,0
frc3512,0
frc3513,0
frc3514,0
frc3515,0
frc3516,0
frc3517,0
frc3518,0
frc3519,0
frc3520,0
frc3521,0
frc3522,0
frc3524,0
frc3525,0
frc3527,0
frc3529,0
frc3530,0
frc3531,0
frc3532,0
frc3533,0
frc3534,0
frc3538,0
frc3540,0
frc3541,0
frc3544,0
frc3546,0
frc3548,0
frc3549,0
frc3552,0
frc3553,0
frc3554,0
frc3555,0
frc3556,0
frc3557,0
frc3558,0
frc3559,0
frc3560,0
frc3561,0
frc3562,0
frc3563,0
frc3564,0
frc3565,0
frc3566,0
frc3567,0
frc3568,0
frc3569,0
frc3571,0
frc3572,0
frc3573,0
frc3575,0
frc3576,0
frc3577,0
frc3578,0
frc3580,0
frc3581,0
frc3582,0
frc3583,0
frc3586,0
frc3587,0
frc3588,0
frc3589,0
frc3590,0
frc3591,0
frc3592,0
frc3594,0
frc3595,0
frc3596,0
frc3597,0
frc3598,0
frc3599,0
frc3601,0
frc3602,0
frc3604,0
frc3605,0
frc3606,0
frc3607,0
frc3608,0
frc3610,0
frc3611,0
frc3612,0
frc3613,0
frc3614,0
frc3615,0
frc3617,0
frc3618,0
frc3619,0
frc3621,0
frc3622,0
frc3623,0
frc3625,0
frc3626,0
frc3627,0
frc3628,0
frc3629,0
frc3631,0
frc3632,0
frc3633,0
frc3634,0
frc3635,0
frc3636,0
frc3638,0
frc3639,0
frc3640,0
frc3642,0
frc3643,0
frc3644,0
frc3645,0
frc3646,0
frc3647,0
frc3648,0
frc3649,0
frc3650,0
frc3651,0
frc3652,0
frc3653,0
frc3655,0
frc3657,0
frc3658,0
frc3659,0
frc3661,0
frc3662,0
frc3663,0
frc3664,0
frc3665,0
frc3666,0
frc3669,0
frc3670,0
frc3672,0
frc3673,0
frc3675,0
frc3676,0
frc3677,0
frc3679,0
frc3680,0
frc3681,0
frc3682,0
frc3683,0
frc3684,0
frc3685,0
frc3686,0
frc3687,0
frc3690,0
frc3691,0
frc3692,0
frc3693,0
frc3695,0
frc3696,0
frc3697,0
frc3698,0
frc3699,0
frc3700,0
frc3701,0
frc3703,0
frc3704,0
frc3705,0
frc3706,0
frc3707,0
frc3708,0
frc3709,0
frc3710,0
frc3711,0
frc3712,0
frc3713,0
frc3714,0
frc3715,0
frc3716,0
frc3717,0
frc3718,0
frc3719,0
frc3720,0
frc3721,0
frc3722,0
frc3723,0
frc3724,0
frc3725,0
frc3726,0
frc3727,0
frc3728,0
frc3730,0
frc3731,0
frc3732,0
frc3733,0
frc3734,0
frc3735,0
frc3738,0
frc3740,0
frc3741,0
frc3742,0
frc3743,0
frc3744,0
frc3745,0
frc3746,0
frc3747,0
frc3748,0
frc3749,0
frc3751,0
frc3752,0
frc3753,0
frc3754,0
frc3755,0
frc3756,0
frc3757,0
frc3758,0
frc3759,0
frc3760,0
frc3761,0
frc3762,0
frc3763,0
frc3764,0
frc3765,0
frc3766,0
frc3767,0
frc3768,0
frc3769,0
frc3770,0
frc3771,0
frc3772,0
frc3773,0
frc3774,0
frc3775,0
frc3776,0
frc3777,0
frc3778,0
frc3779,0
frc3781,0
frc3782,0
frc3783,0
frc3784,0
frc3785,0
frc3786,0
frc3787,0
frc3788,0
frc3789,0
frc3790,0
frc3791,0
frc3792,0
frc3795,0
frc3796,0
frc3797,0
frc3798,0
frc3799,0
frc3800,0
frc3801,0
frc3802,0
frc3803,0
frc3804,0
frc3805,0
frc3806,0
frc3807,0
frc3808,0
frc3809,0
frc3810,0
frc3811,0
frc3813,0
frc3814,0
frc3815,0
frc3817,0
frc3818,0
frc3819,0
frc3820,0
frc3821,0
frc3824,0
frc3825,0
frc3827,0
frc3828,0
frc3829,0
frc3830,0
frc3831,0
frc3832,0
frc3833,0
frc3834,0
frc3835,0
frc3836,0
frc3837,0
frc3838,0
frc3839,0
frc3840,0
frc3841,0
frc3842,0
frc3843,0
frc3844,0
frc3845,0
frc3846,0
frc3847,0
frc3848,0
frc3849,0
frc3851,0
frc3854,0
frc3855,0
frc3856,0
frc3857,0
frc3858,0
frc3859,0
frc3860,0
frc3861,0
frc3862,0
frc3863,0
frc3864,0
frc3865,0
frc3866,0
frc3867,0
frc3868,0
frc3869,0
frc3870,0
frc3871,0
frc3872,0
frc3873,0
frc3874,0
frc3876,0
frc3877,0
frc3878,0
frc3879,0
frc3880,0
frc3881,0
frc3882,0
frc3883,0
frc3884,0
frc3885,0
frc3886,0
frc3888,0
frc3889,0
frc3890,0
frc3891,0
frc3925,0
frc3926,0
frc3927,0
frc3928,0
frc3929,0
frc3932,0
frc3933,0
frc3934,0
frc3936,0
frc3937,0
frc3938,0
frc3939,0
frc3941,0
frc3942,0
frc3943,0
frc3944,0
frc3945,0
frc3946,0
frc3947,0
frc3948,0
frc3949,0
frc3951,0
frc3952,0
frc3953,0
frc3954,0
frc3955,0
frc3956,0
frc3957,0
frc3960,0
frc3961,0
frc3962,0
frc3963,0
frc3964,0
frc3967,0
frc3968,0
frc3969,0
frc3970,0
frc3971,0
frc3972,0
frc3973,0
frc3975,0
frc3976,0
frc3977,0
frc3978,0
frc3979,0
frc3980,0
frc3981,0
frc3983,0
frc3984,0
frc3985,0
frc3987,0
frc3989,0
frc3991,0
frc3992,0
frc3993,0
frc3994,0
frc3995,0
frc3997,0
frc3999,0
frc4000,0
frc4001,0
frc4002,0
frc4003,0
frc4005,0
frc4007,0
frc4008,0
frc4009,0
frc4010,0
frc4011,0
frc4012,0
frc4015,0
frc4016,0
frc4017,0
frc4018,0
frc4019,0
frc4020,0
frc4021,0
frc4022,0
frc4023,0
frc4024,0
frc4025,0
frc4029,0
frc4030,0
frc4032,0
frc4034,0
frc4035,0
frc4036,0
frc4037,0
frc4038,0
frc4040,0
frc4042,0
frc4045,0
frc4046,0
frc4047,0
frc4049,0
frc4051,0
frc4052,0
frc4053,0
frc4054,0
frc4056,0
frc4057,0
frc4058,0
frc4059,0
frc4060,0
frc4061,0
frc4062,0
frc4064,0
frc4065,0
frc4066,0
frc4067,0
frc4068,0
frc4069,0
frc4070,0
frc4071,0
frc4072,0
frc4073,0
frc4074,0
frc4075,0
frc4076,0
frc4078,0
frc4079,0
frc4081,0
frc4082,0
frc4083,0
frc4084,0
frc4085,0
frc4086,0
frc4087,0
frc4088,0
frc4090,0
frc4091,0
frc4093,0
frc4094,0
frc4095,0
frc4098,0
frc4099,0
frc4101,0
frc4102,0
frc4103,0
frc4104,0
frc4105,0
frc4106,0
frc4107,0
frc4108,0
frc4109,0
frc4110,0
frc4111,0
frc4113,0
frc4114,0
frc4115,0
frc4116,0
frc4117,0
frc4119,0
frc4121,0
frc4122,0
frc4123,0
frc4124,0
frc4126,0
frc4127,0
frc4128,0
frc4129,0
frc4132,0
frc4133,0
frc4134,0
frc4136,0
frc4137,0
frc4138,0
frc4139,0
frc4140,0
frc4141,0
frc4142,0
frc4143,0
frc4144,0
frc4145,0
frc4146,0
frc4147,0
frc4148,0
frc4149,0
frc4150,0
frc4151,0
frc4152,0
frc4153,0
frc4154,0
frc4155,0
frc4156,0
frc4157,0
frc4158,0
frc4159,0
frc4160,0
frc4161,0
frc4162,0
frc4163,0
frc4164,0
frc4165,0
frc4166,0
frc4167,0
frc4169,0
frc4170,0
frc4171,0
frc4172,0
frc4174,0
frc4175,0
frc4177,0
frc4178,0
frc4179,0
frc4180,0
frc4181,0
frc4183,0
frc4184,0
frc4185,0
frc4186,0
frc4188,0
frc4189,0
frc4190,0
frc4191,0
frc4192,0
frc4193,0
frc4195,0
frc4196,0
frc4197,0
frc4198,0
frc4199,0
frc4200,0
frc4202,0
frc4205,0
frc4206,0
frc4207,0
frc4208,0
frc4209,0
frc4210,0
frc4211,0
frc4212,0
frc4213,0
frc4214,0
frc4215,0
frc4217,0
frc4219,0
frc4222,0
frc4223,0
frc4224,0
frc4225,0
frc4226,0
frc4227,0
frc4228,0
frc4229,0
frc4230,0
frc4231,0
frc4232,0
frc4234,0
frc4235,0
frc4236,0
frc4238,0
frc4239,0
frc4240,0
frc4241,0
frc4242,0
frc4243,0
frc4244,0
frc4245,0
frc4246,0
frc4247,0
frc4249,0
frc4250,0
frc4251,0
frc4252,0
frc4253,0
frc4254,0
frc4255,0
frc4257,0
frc4258,0
frc4259,0
frc4260,0
frc4261,0
frc4262,0
frc4263,0
frc4265,0
frc4266,0
frc4267,0
frc4268,0
frc4269,0
frc4270,0
frc4271,0
frc4273,0
frc4275,0
frc4276,0
frc4277,0
frc4278,0
frc4279,0
frc4280,0
frc4281,0
frc4282,0
frc4283,0
frc4284,0
frc4286,0
frc4287,0
frc4288,0
frc4289,0
frc4291,0
frc4292,0
frc4294,0
frc4295,0
frc4296,0
frc4297,0
frc4298,0
frc4299,0
frc4300,0
frc4301,0
frc4302,0
frc4304,0
frc4306,0
frc4307,0
frc4308,0
frc4310,0
frc4311,0
frc4314,0
frc4315,0
frc4316,0
frc4317,0
frc4318,0
frc4319,0
frc4320,0
frc4321,0
frc4323,0
frc4324,0
frc4326,0
frc4328,0
frc4331,0
frc4332,0
frc4333,0
frc4334,0
frc4335,0
frc4337,0
frc4338,0
frc4339,0
frc4341,0
frc4343,0
frc4344,0
frc4345,0
frc4346,0
frc4347,0
frc4348,0
frc4349,0
frc4350,0
frc4351,0
frc4352,0
frc4353,0
frc4354,0
frc4356,0
frc4357,0
frc4358,0
frc4359,0
frc4360,0
frc4363,0
frc4364,0
frc4365,0
frc4366,0
frc4367,0
frc4368,0
frc4369,0
frc4370,0
frc4372,0
frc4373,0
frc4374,0
frc4375,0
frc4377,0
frc4379,0
frc4380,0
frc4382,0
frc4383,0
frc4385,0
frc4386,0
frc4387,0
frc4388,0
frc4389,0
frc4390,0
frc4391,0
frc4392,0
frc4394,0
frc4396,0
frc4397,0
frc4398,0
frc4401,0
frc4402,0
frc4403,0
frc4404,0
frc4406,0
frc4407,0
frc4408,0
frc4410,0
frc4411,0
frc4412,0
frc4413,0
frc4414,0
frc4415,0
frc4419,0
frc4420,0
frc4421,0
frc4450,0
frc4452,0
frc4454,0
frc4455,0
frc4456,0
frc4457,0
frc4458,0
frc4459,0
frc4460,0
frc4461,0
frc4463,0
frc4464,0
frc4465,0
frc4466,0
frc4467,0
frc4468,0
frc4469,0
frc4470,0
frc4472,0
frc4473,0
frc4475,0
frc4477,0
frc4478,0
frc4479,0
frc4480,0
frc4482,0
frc4483,0
frc4484,0
frc4485,0
frc4486,0
frc4487,0
frc4488,0
frc4489,0
frc4490,0
frc4491,0
frc4492,0
frc4493,0
frc4494,0
frc4495,0
frc4496,0
frc4497,0
frc4498,0
frc4499,0
frc4500,0
frc4501,0
frc4502,0
frc4503,0
frc4504,0
frc4505,0
frc4506,0
frc4507,0
frc4510,0
frc4511,0
frc4512,0
frc4513,0
frc4514,0
frc4515,0
frc4516,0
frc4517,0
frc4518,0
frc4520,0
frc4521,0
frc4522,0
frc4523,0
frc4524,0
frc4526,0
frc4527,0
frc4528,0
frc4529,0
frc4530,0
frc4532,0
frc4534,0
frc4535,0
frc4536,0
frc4538,0
frc4539,0
frc4540,0
frc4541,0
frc4542,0
frc4543,0
frc4544,0
frc4545,0
frc4547,0
frc4548,0
frc4549,0
frc4551,0
frc4552,0
frc4553,0
frc4554,0
frc4555,0
frc4556,0
frc4558,0
frc4559,0
frc4560,0
frc4561,0
frc4562,0
frc4563,0
frc4565,0
frc4566,0
frc4567,0
frc4568,0
frc4569,0
frc4570,0
frc4571,0
frc4574,0
frc4577,0
frc4578,0
frc4579,0
frc4581,0
frc4582,0
frc4583,0
frc4584,0
frc4585,0
frc4587,0
frc4588,0
frc4589,0
frc4591,0
frc4593,0
frc4594,0
frc4595,0
frc4596,0
frc4597,0
frc4598,0
frc4599,0
frc4600,0
frc4601,0
frc4602,0
frc4603,0
frc4605,0
frc4606,0
frc4607,0
frc4608,0
frc4609,0
frc4611,0
frc4612,0
frc4613,0
frc4614,0
frc4615,0
frc4617,0
frc4619,0
frc4620,0
frc4622,0
frc4623,0
frc4624,0
frc4625,0
frc4626,0
frc4628,0
frc4629,0
frc4630,0
frc4631,0
frc4632,0
frc4633,0
frc4634,0
frc4636,0
frc4637,0
frc4638,0
frc4639,0
frc4640,0
frc4641,0
frc4642,0
frc4643,0
frc4644,0
frc4645,0
frc4646,0
frc4647,0
frc4648,0
frc4649,0
frc4650,0
frc4651,0
frc4652,0
frc4654,0
frc4655,0
frc4657,0
frc4658,0
frc4659,0
frc4660,0
frc4661,0
frc4662,0
frc4663,0
frc4664,0
frc4665,0
frc4666,0
frc4667,0
frc4668,0
frc4669,0
frc4670,0
frc4671,0
frc4672,0
frc4673,0
frc4674,0
frc4675,0
frc4676,0
frc4677,0
frc4678,0
frc4679,0
frc4681,0
frc4683,0
frc4684,0
frc4685,0
frc4686,0
frc4687,0
frc4688,0
frc4689,0
frc4690,0
frc4691,0
frc4692,0
frc4693,0
frc4695,0
frc4696,0
frc4697,0
frc4698,0
frc4699,0
frc4700,0
frc4701,0
frc4702,0
frc4703,0
frc4704,0
frc4705,0
frc4706,0
frc4707,0
frc4708,0
frc4709,0
frc4710,0
frc4711,0
frc4712,0
frc4713,0
frc4714,0
frc4715,0
frc4716,0
frc4717,0
frc4718,0
frc4719,0
frc4720,0
frc4721,0
frc4722,0
frc4723,0
frc4724,0
frc4725,0
frc4726,0
frc4727,0
frc4728,0
frc4729,0
frc4730,0
frc4731,0
frc4732,0
frc4733,0
frc4734,0
frc4736,0
frc4737,0
frc4739,0
frc4740,0
frc4741,0
frc4742,0
frc4743,0
frc4745,0
frc4746,0
frc4747,0
frc4748,0
frc4749,0
frc4751,0
frc4752,0
frc4753,0
frc4754,0
frc4755,0
frc4757,0
frc4758,0
frc4759,0
frc4760,0
frc4761,0
frc4762,0
frc4763,0
frc4764,0
frc4765,0
frc4766,0
frc4767,0
frc4768,0
frc4769,0
frc4770,0
frc4771,0
frc4772,0
frc4773,0
frc4774,0
frc4776,0
frc4777,0
frc4778,0
frc4779,0
frc4780,0
frc4781,0
frc4782,0
frc4783,0
frc4784,0
frc4785,0
frc4787,0
frc4788,0
frc4789,0
frc4790,0
frc4791,0
frc4792,0
frc4793,0
frc4794,0
frc4795,0
frc4796,0
frc4797,0
frc4798,0
frc4799,0
frc4800,0
frc4801,0
frc4803,0
frc4804,0
frc4805,0
frc4806,0
frc4807,0
frc4808,0
frc4809,0
frc4810,0
frc4811,0
frc4812,0
frc4813,0
frc4814,0
frc4815,0
frc4817,0
frc4819,0
frc4820,0
frc4821,0
frc4822,0
frc4823,0
frc4824,0
frc4825,0
frc4826,0
frc4827,0
frc4828,0
frc4829,0
frc4830,0
frc4831,0
frc4832,0
frc4833,0
frc4834,0
frc4836,0
frc4838,0
frc4839,0
frc4840,0
frc4841,0
frc4843,0
frc4844,0
frc4845,0
frc4846,0
frc4847,0
frc4848,0
frc4849,0
frc4850,0
frc4851,0
frc4852,0
frc4853,0
frc4854,0
frc4855,0
frc4856,0
frc4857,0
frc4858,0
frc4859,0
frc4860,0
frc4861,0
frc4900,0
frc4901,0
frc4902,0
frc4903,0
frc4904,0
frc4906,0
frc4907,0
frc4908,0
frc4909,0
frc4910,0
frc4912,0
frc4915,0
frc4916,0
frc4919,0
frc4921,0
frc4922,0
frc4923,0
frc4924,0
frc4925,0
frc4927,0
frc4928,0
frc4929,0
frc4930,0
frc4931,0
frc4932,0
frc4933,0
frc4934,0
frc4937,0
frc4938,0
frc4940,0
frc4941,0
frc4942,0
frc4943,0
frc4946,0
frc4947,0
frc4948,0
frc4949,0
frc4950,0
frc4951,0
frc4952,0
frc4953,0
frc4954,0
frc4955,0
frc4957,0
frc4958,0
frc4960,0
frc4961,0
frc4962,0
frc4963,0
frc4964,0
frc4966,0
frc4968,0
frc4969,0
frc4970,0
frc4971,0
frc4972,0
frc4973,0
frc4974,0
frc4975,0
frc4976,0
frc4977,0
frc4978,0
frc4979,0
frc4981,0
frc4982,0
frc4983,0
frc4984,0
frc4986,0
frc4987,0
frc4988,0
frc4989,0
frc4990,0
frc4991,0
frc4992,0
frc4993,0
frc4994,0
frc4995,0
frc4996,0
frc4997,0
frc4999,0
frc5000,0
frc5001,0
frc5002,0
frc5003,0
frc5004,0
frc5005,0
frc5007,0
frc5008,0
frc5009,0
frc5010,0
frc5011,0
frc5013,0
frc5014,0
frc5015,0
frc5017,0
frc5018,0
frc5019,0
frc5020,0
frc5021,0
frc5022,0
frc5023,0
frc5024,0
frc5025,0
frc5026,0
frc5027,0
frc5028,0
frc5029,0
frc5030,0
frc5031,0
frc5032,0
frc5033,0
frc5034,0
frc5035,0
frc5036,0
frc5037,0
frc5038,0
frc5039,0
frc5040,0
frc5042,0
frc5043,0
frc5044,0
frc5045,0
frc5046,0
frc5047,0
frc5049,0
frc5051,0
frc5052,0
frc5054,0
frc5055,0
frc5056,0
frc5057,0
frc5058,0
frc5059,0
frc5060,0
frc5061,0
frc5062,0
frc5063,0
frc5064,0
frc5065,0
frc5067,0
frc5068,0
frc5070,0
frc5071,0
frc5072,0
frc5073,0
frc5074,0
frc5075,0
frc5076,0
frc5077,0
frc5078,0
frc5079,0
frc5080,0
frc5081,0
frc5082,0
frc5083,0
frc5085,0
frc5086,0
frc5087,0
frc5088,0
frc5089,0
frc5090,0
frc5091,0
frc5092,0
frc5093,0
frc5094,0
frc5095,0
frc5096,0
frc5097,0
frc5098,0
frc5099,0
frc5100,0
frc5101,0
frc5102,0
frc5103,0
frc5104,0
frc5105,0
frc5106,0
frc5107,0
frc5108,0
frc5109,0
frc5111,0
frc5114,0
frc5115,0
frc5116,0
frc5117,0
frc5118,0
frc5119,0
frc5120,0
frc5121,0
frc5123,0
frc5124,0
frc5125,0
frc5126,0
frc5127,0
frc5128,0
frc5129,0
frc5130,0
frc5131,0
frc5132,0
frc5133,0
frc5134,0
frc5136,0
frc5138,0
frc5139,0
frc5140,0
frc5141,0
frc5142,0
frc5143,0
frc5144,0
frc5145,0
frc5146,0
frc5147,0
frc5148,0
frc5149,0
frc5150,0
frc5151,0
frc5153,0
frc5154,0
frc5155,0
frc5156,0
frc5157,0
frc5158,0
frc5159,0
frc5161,0
frc5162,0
frc5164,0
frc5165,0
frc5166,0
frc5167,0
frc5168,0
frc5169,0
frc5170,0
frc5171,0
frc5172,0
frc5173,0
frc5174,0
frc5175,0
frc5176,0
frc5177,0
frc5178,0
frc5180,0
frc5182,0
frc5183,0
frc5184,0
frc5185,0
frc5186,0
frc5187,0
frc5188,0
frc5189,0
frc5190,0
frc5191,0
frc5192,0
frc5193,0
frc5194,0
frc5195,0
frc5196,0
frc5197,0
frc5198,0
frc5200,0
frc5201,0
frc5202,0
frc5203,0
frc5204,0
frc5205,0
frc5206,0
frc5207,0
frc5208,0
frc5209,0
frc5210,0
frc5211,0
frc5212,0
frc5213,0
frc5214,0
frc5215,0
frc5217,0
frc5218,0
frc5219,0
frc5220,0
frc5221,0
frc5222,0
frc5223,0
frc5224,0
frc5225,0
frc5226,0
frc5227,0
frc5228,0
frc5229,0
frc5230,0
frc5231,0
frc5232,0
frc5233,0
frc5234,0
frc5235,0
frc5237,0
frc5238,0
frc5239,0
frc5240,0
frc5241,0
frc5242,0
frc5244,0
frc5245,0
frc5246,0
frc5247,0
frc5248,0
frc5249,0
frc5250,0
frc5251,0
frc5252,0
frc5253,0
frc5254,0
frc5255,0
frc5256,0
frc5258,0
frc5259,0
frc5260,0
frc5261,0
frc5262,0
frc5263,0
frc5264,0
frc5265,0
frc5267,0
frc5268,0
frc5269,0
frc5270,0
frc5271,0
frc5272,0
frc5274,0
frc5275,0
frc5276,0
frc5277,0
frc5278,0
frc5279,0
frc5280,0
frc5281,0
frc5282,0
frc5283,0
frc5284,0
frc5285,0
frc5286,0
frc5287,0
frc5288,0
frc5289,0
frc5290,0
frc5291,0
frc5292,0
frc5294,0
frc5295,0
frc5296,0
frc5297,0
frc5299,0
frc5300,0
frc5301,0
frc5302,0
frc5303,0
frc5304,0
frc5305,0
frc5306,0
frc5307,0
frc5308,0
frc5309,0
frc5311,0
frc5313,0
frc5315,0
frc5317,0
frc5318,0
frc5320,0
frc5321,0
frc5322,0
frc5323,0
frc5324,0
frc5325,0
frc5326,0
frc5327,0
frc5328,0
frc5329,0
frc5330,0
frc5331,0
frc5333,0
frc5334,0
frc5335,0
frc5337,0
frc5339,0
frc5340,0
frc5341,0
frc5342,0
frc5343,0
frc5345,0
frc5346,0
frc5348,0
frc5349,0
frc5350,0
frc5351,0
frc5400,0
frc5401,0
frc5402,0
frc5403,0
frc5405,0
frc5406,0
frc5407,0
frc5408,0
frc5411,0
frc5412,0
frc5413,0
frc5415,0
frc5416,0
frc5417,0
frc5418,0
frc5419,0
frc5420,0
frc5421,0
frc5422,0
frc5423,0
frc5425,0
frc5427,0
frc5428,0
frc5429,0
frc5432,0
frc5433,0
frc5434,0
frc5435,0
frc5437,0
frc5438,0
frc5439,0
frc5440,0
frc5441,0
frc5442,0
frc5444,0
frc5445,0
frc5446,0
frc5447,0
frc5449,0
frc5450,0
frc5451,0
frc5452,0
frc5453,0
frc5455,0
frc5456,0
frc5457,0
frc5458,0
frc5459,0
frc5460,0
frc5463,0
frc5464,0
frc5465,0
frc5466,0
frc5467,0
frc5469,0
frc5470,0
frc5471,0
frc5472,0
frc5473,0
frc5474,0
frc5475,0
frc5476,0
frc5477,0
frc5478,0
frc5479,0
frc5481,0
frc5482,0
frc5483,0
frc5485,0
frc5486,0
frc5487,0
frc5488,0
frc5489,0
frc5490,0
frc5491,0
frc5492,0
frc5493,0
frc5494,0
frc5495,0
frc5497,0
frc5499,0
frc5500,0
frc5501,0
frc5503,0
frc5505,0
frc5506,0
frc5507,0
frc5508,0
frc5509,0
frc5510,0
frc5511,0
frc5512,0
frc5513,0
frc5514,0
frc5515,0
frc5516,0
frc5517,0
frc5519,0
frc5520,0
frc5521,0
frc5522,0
frc5523,0
frc5525,0
frc5526,0
frc5527,0
frc5528,0
frc5529,0
frc5530,0
frc5531,0
frc5532,0
frc5533,0
frc5534,0
frc5535,0
frc5536,0
frc5537,0
frc5538,0
frc5539,0
frc5540,0
frc5541,0
frc5542,0
frc5543,0
frc5544,0
frc5545,0
frc5546,0
frc5547,0
frc5548,0
frc5550,0
frc5551,0
frc5552,0
frc5553,0
frc5554,0
frc5555,0
frc5556,0
frc5557,0
frc5558,0
frc5559,0
frc5560,0
frc5562,0
frc5563,0
frc5564,0
frc5565,0
frc5568,0
frc5569,0
frc5570,0
frc5571,0
frc5573,0
frc5574,0
frc5575,0
frc5576,0
frc5577,0
frc5578,0
frc5579,0
frc5580,0
frc5581,0
frc5583,0
frc5585,0
frc5586,0
frc5587,0
frc5588,0
frc5589,0
frc5590,0
frc5591,0
frc5592,0
frc5593,0
frc5594,0
frc5595,0
frc5596,0
frc5597,0
frc5598,0
frc5599,0
frc5600,0
frc5601,0
frc5602,0
frc5603,0
frc5604,0
frc5605,0
frc5606,0
frc5607,0
frc5608,0
frc5609,0
frc5610,0
frc5611,0
frc5612,0
frc5613,0
frc5615,0
frc5616,0
frc5617,0
frc5618,0
frc5619,0
frc5620,0
frc5621,0
frc5622,0
frc5624,0
frc5625,0
frc5626,0
frc5628,0
frc5629,0
frc5630,0
frc5631,0
frc5632,0
frc5633,0
frc5634,0
frc5636,0
frc5637,0
frc5638,0
frc5639,0
frc5640,0
frc5641,0
frc5642,0
frc5643,0
frc5644,0
frc5645,0
frc5646,0
frc5647,0
frc5649,0
frc5650,0
frc5651,0
frc5652,0
frc5653,0
frc5654,0
frc5655,0
frc5656,0
frc5657,0
frc5658,0
frc5660,0
frc5661,0
frc5662,0
frc5663,0
frc5664,0
frc5665,0
frc5666,0
frc5667,0
frc5668,0
frc5669,0
frc5670,0
frc5671,0
frc5673,0
frc5674,0
frc5676,0
frc5677,0
frc5678,0
frc5679,0
frc5680,0
frc5681,0
frc5682,0
frc5683,0
frc5684,0
frc5685,0
frc5686,0
frc5687,0
frc5688,0
frc5689,0
frc5690,0
frc5691,0
frc5692,0
frc5693,0
frc5694,0
frc5695,0
frc5696,0
frc5697,0
frc5698,0
frc5699,0
frc5701,0
frc5702,0
frc5703,0
frc5705,0
frc5706,0
frc5707,0
frc5708,0
frc5709,0
frc5711,0
frc5713,0
frc5714,0
frc5715,0
frc5716,0
frc5717,0
frc5718,0
frc5719,0
frc5720,0
frc5721,0
frc5722,0
frc5723,0
frc5725,0
frc5726,0
frc5727,0
frc5728,0
frc5729,0
frc5730,0
frc5731,0
frc5732,0
frc5733,0
frc5734,0
frc5735,0
frc5736,0
frc5737,0
frc5738,0
frc5739,0
frc5740,0
frc5741,0
frc5742,0
frc5743,0
frc5744,0
frc5745,0
frc5746,0
frc5747,0
frc5748,0
frc5749,0
frc5750,0
frc5751,0
frc5752,0
frc5753,0
frc5754,0
frc5755,0
frc5757,0
frc5758,0
frc5759,0
frc5760,0
frc5761,0
frc5762,0
frc5763,0
frc5764,0
frc5765,0
frc5766,0
frc5767,0
frc5768,0
frc5769,0
frc5770,0
frc5771,0
frc5772,0
frc5773,0
frc5774,0
frc5775,0
frc5776,0
frc5777,0
frc5778,0
frc5779,0
frc5780,0
frc5781,0
frc5782,0
frc5784,0
frc5785,0
frc5786,0
frc5787,0
frc5788,0
frc5801,0
frc5804,0
frc5805,0
frc5806,0
frc5807,0
frc5808,0
frc5809,0
frc5810,0
frc5812,0
frc5813,0
frc5814,0
frc5815,0
frc5816,0
frc5818,0
frc5819,0
frc5820,0
frc5821,0
frc5822,0
frc5824,0
frc5825,0
frc5826,0
frc5827,0
frc5828,0
frc5829,0
frc5831,0
frc5832,0
frc5833,0
frc5834,0
frc5835,0
frc5836,0
frc5837,0
frc5838,0
frc5839,0
frc5840,0
frc5841,0
frc5842,0
frc5844,0
frc5845,0
frc5847,0
frc5848,0
frc5849,0
frc5850,0
frc5852,0
frc5853,0
frc5855,0
frc5856,0
frc5857,0
frc5858,0
frc5859,0
frc5860,0
frc5861,0
frc5862,0
frc5863,0
frc5864,0
frc5865,0
frc5866,0
frc5867,0
frc5868,0
frc5871,0
frc5872,0
frc5873,0
frc5874,0
frc5875,0
frc5876,0
frc5877,0
frc5878,0
frc5879,0
frc5880,0
frc5881,0
frc5882,0
frc5883,0
frc5884,0
frc5886,0
frc5888,0
frc5889,0
frc5890,0
frc5891,0
frc5892,0
frc5893,0
frc5894,0
frc5895,0
frc5896,0
frc5897,0
frc5898,0
frc5899,0
frc5902,0
frc5903,0
frc5904,0
frc5905,0
frc5906,0
frc5907,0
frc5908,0
frc5909,0
frc5910,0
frc5911,0
frc5913,0
frc5914,0
frc5916,0
frc5917,0
frc5918,0
frc5921,0
frc5922,0
frc5923,0
frc5924,0
frc5925,0
frc5927,0
frc5928,0
frc5929,0
frc5931,0
frc5932,0
frc5933,0
frc5934,0
frc5935,0
frc5936,0
frc5937,0
frc5938,0
frc5939,0
frc5940,0
frc5941,0
frc5942,0
frc5943,0
frc5944,0
frc5946,0
frc5947,0
frc5948,0
frc5949,0
frc5950,0
frc5952,0
frc5953,0
frc5954,0
frc5955,0
frc5956,0
frc5957,0
frc5958,0
frc5960,0
frc5961,0
frc5962,0
frc5963,0
frc5964,0
frc5966,0
frc5967,0
frc5968,0
frc5969,0
frc5970,0
frc5971,0
frc5972,0
frc5973,0
frc5974,0
frc5975,0
frc5976,0
frc5977,0
frc5978,0
frc5979,0
frc5980,0
frc5981,0
frc5982,0
frc5984,0
frc5985,0
frc5986,0
frc5987,0
frc5988,0
frc5989,0
frc5990,0
frc5991,0
frc5992,0
frc5994,0
frc5995,0
frc5996,0
frc5997,0
frc5998,0
frc5999,0
frc6000,0
frc6001,0
frc6003,0
frc6005,0
frc6006,0
frc6007,0
frc6008,0
frc6010,0
frc6011,0
frc6012,0
frc6013,0
frc6015,0
frc6016,0
frc6017,0
frc6018,0
frc6019,0
frc6020,0
frc6021,0
frc6023,0
frc6024,0
frc6025,0
frc6026,0
frc6028,0
frc6029,0
frc6030,0
frc6031,0
frc6032,0
frc6033,0
frc6034,0
frc6036,0
frc6037,0
frc6038,0
frc6039,0
frc6040,0
frc6041,0
frc6042,0
frc6043,0
frc6044,0
frc6045,0
frc6046,0
frc6047,0
frc6048,0
frc6049,0
frc6050,0
frc6051,0
frc6052,0
frc6053,0
frc6054,0
frc6055,0
frc6056,0
frc6057,0
frc6058,0
frc6059,0
frc6060,0
frc6061,0
frc6062,0
frc6064,0
frc6065,0
frc6066,0
frc6067,0
frc6068,0
frc6069,0
frc6070,0
frc6071,0
frc6072,0
frc6074,0
frc6075,0
frc6080,0
frc6081,0
frc6082,0
frc6084,0
frc6085,0
frc6086,0
frc6087,0
frc6088,0
frc6089,0
frc6090,0
frc6091,0
frc6092,0
frc6093,0
frc6094,0
frc6095,0
frc6096,0
frc6097,0
frc6098,0
frc6099,0
frc6100,0
frc6101,0
frc6102,0
frc6103,0
frc6104,0
frc6105,0
frc6106,0
frc6108,0
frc6109,0
frc6110,0
frc6111,0
frc6113,0
frc6114,0
frc6115,0
frc6116,0
frc6117,0
frc6118,0
frc6119,0
frc6120,0
frc6122,0
frc6123,0
frc6124,0
frc6125,0
frc6126,0
frc6127,0
frc6128,0
frc6129,0
frc6130,0
frc6131,0
frc6132,0
frc6133,0
frc6134,0
frc6135,0
frc6136,0
frc6137,0
frc6138,0
frc6139,0
frc6140,0
frc6141,0
frc6142,0
frc6143,0
frc6144,0
frc6145,0
frc6146,0
frc6147,0
frc6148,0
frc6149,0
frc6150,0
frc6151,0
frc6152,0
frc6153,0
frc6154,0
frc6156,0
frc6157,0
frc6158,0
frc6159,0
frc6160,0
frc6161,0
frc6162,0
frc6163,0
frc6164,0
frc6165,0
frc6166,0
frc6167,0
frc6168,0
frc6169,0
frc6170,0
frc6171,0
frc6172,0
frc6173,0
frc6174,0
frc6175,0
frc6176,0
frc6177,0
frc6178,0
frc6179,0
frc6180,0
frc6181,0
frc6182,0
frc6183,0
frc6184,0
frc6185,0
frc6186,0
frc6187,0
frc6188,0
frc6189,0
frc6190,0
frc6192,0
frc6193,0
frc6194,0
frc6195,0
frc6196,0
frc6197,0
frc6198,0
frc6199,0
frc6200,0
frc6201,0
frc6202,0
frc6204,0
frc6205,0
frc6206,0
frc6207,0
frc6208,0
frc6209,0
frc6210,0
frc6211,0
frc6212,0
frc6213,0
frc6214,0
frc6215,0
frc6216,0
frc6217,0
frc6218,0
frc6219,0
frc6220,0
frc6221,0
frc6222,0
frc6223,0
frc6224,0
frc6225,0
frc6226,0
frc6227,0
frc6228,0
frc6229,0
frc6230,0
frc6231,0
frc6232,0
frc6233,0
frc6234,0
frc6235,0
frc6238,0
frc6240,0
frc6241,0
frc6242,0
frc6243,0
frc6244,0
frc6245,0
frc6246,0
frc6248,0
frc6300,0
frc6301,0
frc6302,0
frc6304,0
frc6305,0
frc6306,0
frc6307,0
frc6308,0
frc6309,0
frc6312,0
frc6313,0
frc6314,0
frc6315,0
frc6317,0
frc6318,0
frc6319,0
frc6320,0
frc6321,0
frc6323,0
frc6324,0
frc6327,0
frc6328,0
frc6330,0
frc6332,0
frc6335,0
frc6336,0
frc6337,0
frc6338,0
frc6339,0
frc6342,0
frc6343,0
frc6345,0
frc6346,0
frc6347,0
frc6349,0
frc6350,0
frc6351,0
frc6353,0
frc6354,0
frc6355,0
frc6356,0
frc6357,0
frc6358,0
frc6359,0
frc6360,0
frc6361,0
frc6362,0
frc6363,0
frc6365,0
frc6367,0
frc6368,0
frc6369,0
frc6370,0
frc6371,0
frc6372,0
frc6373,0
frc6374,0
frc6375,0
frc6376,0
frc6378,0
frc6379,0
frc6380,0
frc6381,0
frc6382,0
frc6383,0
frc6384,0
frc6385,0
frc6386,0
frc6387,0
frc6388,0
frc6389,0
frc6390,0
frc6391,0
frc6392,0
frc6393,0
frc6394,0
frc6395,0
frc6396,0
frc6397,0
frc6398,0
frc6399,0
frc6400,0
frc6401,0
frc6402,0
frc6403,0
frc6404,0
frc6405,0
frc6406,0
frc6407,0
frc6408,0
frc6409,0
frc6410,0
frc6411,0
frc6412,0
frc6413,0
frc6414,0
frc6415,0
frc6416,0
frc6417,0
frc6418,0
frc6419,0
frc6420,0
frc6421,0
frc6422,0
frc6423,0
frc6424,0
frc6425,0
frc6426,0
frc6427,0
frc6428,0
frc6429,0
frc6430,0
frc6431,0
frc6432,0
frc6433,0
frc6434,0
frc6435,0
frc6436,0
frc6437,0
frc6438,0
frc6439,0
frc6440,0
frc6441,0
frc6442,0
frc6443,0
frc6444,0
frc6445,0
frc6446,0
frc6447,0
frc6448,0
frc6449,0
frc6450,0
frc6451,0
frc6452,0
frc6453,0
frc6454,0
frc6455,0
frc6456,0
frc6457,0
frc6458,0
frc6460,0
frc6461,0
frc6462,0
frc6463,0
frc6464,0
frc6465,0
frc6466,0
frc6467,0
frc6468,0
frc6469,0
frc6470,0
frc6471,0
frc6472,0
frc6473,0
frc6474,0
frc6475,0
frc6477,0
frc6478,0
frc6479,0
frc6480,0
frc6482,0
frc6483,0
frc6484,0
frc6485,0
frc6486,0
frc6488,0
frc6489,0
frc6490,0
frc6491,0
frc6492,0
frc6493,0
frc6494,0
frc6495,0
frc6496,0
frc6497,0
frc6498,0
frc6499,0
frc6500,0
frc6502,0
frc6503,0
frc6504,0
frc6505,0
frc6506,0
frc6507,0
frc6508,0
frc6509,0
frc6510,0
frc6511,0
frc6512,0
frc6513,0
frc6514,0
frc6515,0
frc6516,0
frc6517,0
frc6518,0
frc6519,0
frc6520,0
frc6521,0
frc6522,0
frc6523,0
frc6524,0
frc6525,0
frc6526,0
frc6527,0
frc6529,0
frc6531,0
frc6532,0
frc6533,0
frc6534,0
frc6535,0
frc6536,0
frc6537,0
frc6539,0
frc6540,0
frc6541,0
frc6542,0
frc6543,0
frc6544,0
frc6545,0
frc6546,0
frc6547,0
frc6548,0
frc6549,0
frc6550,0
frc6551,0
frc6552,0
frc6553,0
frc6555,0
frc6556,0
frc6557,0
frc6558,0
frc6559,0
frc6560,0
frc6561,0
frc6562,0
frc6563,0
frc6564,0
frc6567,0
frc6568,0
frc6569,0
frc6570,0
frc6571,0
frc6572,0
frc6573,0
frc6574,0
frc6575,0
frc6576,0
frc6577,0
frc6578,0
frc6579,0
frc6580,0
frc6581,0
frc6582,0
frc6583,0
frc6585,0
frc6586,0
frc6587,0
frc6588,0
frc6589,0
frc6590,0
frc6591,0
frc6592,0
frc6593,0
frc6594,0
frc6595,0
frc6596,0
frc6597,0
frc6599,0
frc6600,0
frc6601,0
frc6602,0
frc6603,0
frc6604,0
frc6605,0
frc6607,0
frc6608,0
frc6609,0
frc6610,0
frc6611,0
frc6612,0
frc6613,0
frc6614,0
frc6616,0
frc6617,0
frc6618,0
frc6619,0
frc6620,0
frc6621,0
frc6622,0
frc6623,0
frc6624,0
frc6625,0
frc6626,0
frc6627,0
frc6628,0
frc6629,0
frc6630,0
frc6631,0
frc6632,0
frc6633,0
frc6634,0
frc6635,0
frc6636,0
frc6638,0
frc6639,0
frc6640,0
frc6641,0
frc6642,0
frc6643,0
frc6644,0
frc6645,0
frc6646,0
frc6648,0
frc6649,0
frc6650,0
frc6651,0
frc6653,0
frc6654,0
frc6655,0
frc6656,0
frc6657,0
frc6658,0
frc6659,0
frc6660,0
frc6661,0
frc6662,0
frc6663,0
frc6665,0
frc6666,0
frc6667,0
frc6668,0
frc6669,0
frc6670,0
frc6671,0
frc6672,0
frc6673,0
frc6674,0
frc6675,0
frc6676,0
frc6677,0
frc6678,0
frc6679,0
frc6680,0
frc6681,0
frc6683,0
frc6684,0
frc6685,0
frc6686,0
frc6687,0
frc6688,0
frc6689,0
frc6690,0
frc6691,0
frc6692,0
frc6693,0
frc6695,0
frc6696,0
frc6697,0
frc6699,0
frc6700,0
frc6701,0
frc6703,0
frc6705,0
frc6706,0
frc6707,0
frc6708,0
frc6709,0
frc6710,0
frc6711,0
frc6712,0
frc6714,0
frc6715,0
frc6716,0
frc6717,0
frc6718,0
frc6719,0
frc6720,0
frc6721,0
frc6722,0
frc6723,0
frc6724,0
frc6725,0
frc6726,0
frc6727,0
frc6728,0
frc6730,0
frc6731,0
frc6732,0
frc6733,0
frc6734,0
frc6735,0
frc6736,0
frc6737,0
frc6739,0
frc6741,0
frc6742,0
frc6743,0
frc6744,0
frc6745,0
frc6747,0
frc6748,0
frc6749,0
frc6750,0
frc6751,0
frc6752,0
frc6753,0
frc6754,0
frc6755,0
frc6756,0
frc6757,0
frc6758,0
frc6759,0
frc6762,0
frc6763,0
frc6764,0
frc6765,0
frc6766,0
frc6768,0
frc6769,0
frc6770,0
frc6771,0
frc6800,0
frc6801,0
frc6803,0
frc6804,0
frc6805,0
frc6806,0
frc6807,0
frc6808,0
frc6809,0
frc6810,0
frc6811,0
frc6812,0
frc6813,0
frc6814,0
frc6815,0
frc6816,0
frc6817,0
frc6818,0
frc6819,0
frc6820,0
frc6821,0
frc6823,0
frc6824,0
frc6825,0
frc6826,0
frc6827,0
frc6828,0
frc6830,0
frc6831,0
frc6832,0
frc6833,0
frc6834,0
frc6835,0
frc6836,0
frc6837,0
frc6838,0
frc6839,0
frc6840,0
frc6841,0
frc6842,0
frc6843,0
frc6844,0
frc6845,0
frc6846,0
frc6847,0
frc6848,0
frc6849,0
frc6850,0
frc6851,0
frc6852,0
frc6853,0
frc6855,0
frc6856,0
frc6857,0
frc6858,0
frc6859,0
frc6860,0
frc6862,0
frc6863,0
frc6864,0
frc6865,0
frc6866,0
frc6867,0
frc6868,0
frc6869,0
frc6870,0
frc6871,0
frc6872,0
frc6873,0
frc6874,0
frc6875,0
frc6876,0
frc6877,0
frc6878,0
frc6879,0
frc6880,0
frc6881,0
frc6882,0
frc6883,0
frc6884,0
frc6885,0
frc6886,0
frc6887,0
frc6888,0
frc6889,0
frc6890,0
frc6891,0
frc6892,0
frc6893,0
frc6895,0
frc6896,0
frc6897,0
frc6898,0
frc6899,0
frc6900,0
frc6901,0
frc6902,0
frc6903,0
frc6904,0
frc6905,0
frc6906,0
frc6907,0
frc6908,0
frc6910,0
frc6911,0
frc6912,0
frc6913,0
frc6914,0
frc6915,0
frc6916,0
frc6917,0
frc6918,0
frc6919,0
frc6922,0
frc6923,0
frc6924,0
frc6925,0
frc6926,0
frc6927,0
frc6928,0
frc6930,0
frc6931,0
frc6932,0
frc6934,0
frc6935,0
frc6936,0
frc6937,0
frc6938,0
frc6939,0
frc6940,0
frc6941,0
frc6942,0
frc6943,0
frc6944,0
frc6945,0
frc6946,0
frc6948,0
frc6949,0
frc6950,0
frc6951,0
frc6952,0
frc6953,0
frc6954,0
frc6955,0
frc6957,0
frc6958,0
frc6959,0
frc6960,0
frc6961,0
frc6963,0
frc6964,0
frc6965,0
frc6966,0
frc6967,0
frc6968,0
frc6969,0
frc6970,0
frc6971,0
frc6972,0
frc6973,0
frc6974,0
frc6975,0
frc6976,0
frc6977,0
frc6979,0
frc6980,0
frc6981,0
frc6982,0
frc6983,0
frc6984,0
frc6985,0
frc6986,0
frc6987,0
frc6988,0
frc6989,0
frc6990,0
frc6991,0
frc6993,0
frc6994,0
frc6995,0
frc6996,0
frc6997,0
frc6998,0
frc6999,0
frc7000,0
frc7001,0
frc7002,0
frc7003,0
frc7004,0
frc7005,0
frc7006,0
frc7007,0
frc7008,0
frc7009,0
frc7010,0
frc7011,0
frc7012,0
frc7013,0
frc7014,0
frc7015,0
frc7016,0
frc7017,0
frc7018,0
frc7019,0
frc7020,0
frc7021,0
frc7022,0
frc7023,0
frc7024,0
frc7025,0
frc7026,0
frc7027,0
frc7028,0
frc7029,0
frc7030,0
frc7031,0
frc7032,0
frc7033,0
frc7034,0
frc7035,0
frc7036,0
frc7038,0
frc7039,0
frc7040,0
frc7041,0
frc7042,0
frc7043,0
frc7044,0
frc7045,0
frc7046,0
frc7047,0
frc7048,0
frc7049,0
frc7050,0
frc7051,0
frc7052,0
frc7053,0
frc7054,0
frc7055,0
frc7056,0
frc7057,0
frc7058,0
frc7059,0
frc7060,0
frc7063,0
frc7064,0
frc7065,0
frc7066,0
frc7068,0
frc7069,0
frc7070,0
frc7071,0
frc7073,0
frc7074,0
frc7075,0
frc7076,0
frc7077,0
frc7078,0
frc7079,0
frc7080,0
frc7081,0
frc7082,0
frc7083,0
frc7084,0
frc7085,0
frc7086,0
frc7087,0
frc7088,0
frc7091,0
frc7092,0
frc7093,0
frc7095,0
frc7096,0
frc7097,0
frc7098,0
frc7099,0
frc7100,0
frc7101,0
frc7103,0
frc7104,0
frc7105,0
frc7106,0
frc7107,0
frc7108,0
frc7109,0
frc7110,0
frc7111,0
frc7112,0
frc7113,0
frc7114,0
frc7115,0
frc7116,0
frc7117,0
frc7118,0
frc7119,0
frc7120,0
frc7121,0
frc7122,0
frc7123,0
frc7124,0
frc7125,0
frc7126,0
frc7127,0
frc7128,0
frc7129,0
frc7131,0
frc7132,0
frc7133,0
frc7134,0
frc7136,0
frc7137,0
frc7138,0
frc7139,0
frc7140,0
frc7141,0
frc7142,0
frc7143,0
frc7144,0
frc7145,0
frc7146,0
frc7147,0
frc7148,0
frc7149,0
frc7150,0
frc7151,0
frc7152,0
frc7155,0
frc7156,0
frc7158,0
frc7159,0
frc7160,0
frc7161,0
frc7162,0
frc7163,0
frc7164,0
frc7167,0
frc7168,0
frc7170,0
frc7171,0
frc7172,0
frc7173,0
frc7174,0
frc7175,0
frc7176,0
frc7177,0
frc7178,0
frc7179,0
frc7180,0
frc7181,0
frc7182,0
frc7183,0
frc7184,0
frc7185,0
frc7187,0
frc7188,0
frc7189,0
frc7191,0
frc7192,0
frc7193,0
frc7194,0
frc7195,0
frc7196,0
frc7199,0
frc7200,0
frc7201,0
frc7203,0
frc7204,0
frc7205,0
frc7206,0
frc7207,0
frc7208,0
frc7209,0
frc7210,0
frc7211,0
frc7212,0
frc7213,0
frc7214,0
frc7215,0
frc7216,0
frc7217,0
frc7218,0
frc7219,0
frc7220,0
frc7221,0
frc7222,0
frc7223,0
frc7224,0
frc7225,0
frc7226,0
frc7227,0
frc7229,0
frc7230,0
frc7231,0
frc7232,0
frc7233,0
frc7234,0
frc7235,0
frc7236,0
frc7237,0
frc7238,0
frc7239,0
frc7240,0
frc7241,0
frc7242,0
frc7243,0
frc7245,0
frc7246,0
frc7247,0
frc7248,0
frc7249,0
frc7250,0
frc7251,0
frc7252,0
frc7253,0
frc7254,0
frc7255,0
frc7256,0
frc7257,0
frc7258,0
frc7259,0
frc7260,0
frc7261,0
frc7262,0
frc7263,0
frc7264,0
frc7265,0
frc7267,0
frc7268,0
frc7269,0
frc7270,0
frc7271,0
frc7272,0
frc7273,0
frc7274,0
frc7275,0
frc7276,0
frc7277,0
frc7278,0
frc7279,0
frc7280,0
frc7281,0
frc7282,0
frc7283,0
frc7284,0
frc7285,0
frc7286,0
frc7287,0
frc7288,0
frc7289,0
frc7290,0
frc7291,0
frc7292,0
frc7293,0
frc7294,0
frc7295,0
frc7296,0
frc7297,0
frc7298,0
frc7299,0
frc7300,0
frc7301,0
frc7302,0
frc7304,0
frc7305,0
frc7306,0
frc7307,0
frc7308,0
frc7309,0
frc7310,0
frc7311,0
frc7312,0
frc7313,0
frc7314,0
frc7315,0
frc7316,0
frc7317,0
frc7318,0
frc7319,0
frc7320,0
frc7321,0
frc7322,0
frc7323,0
frc7324,0
frc7325,0
frc7326,0
frc7327,0
frc7328,0
frc7329,0
frc7330,0
frc7331,0
frc7332,0
frc7400,0
frc7401,0
frc7403,0
frc7405,0
frc7406,0
frc7407,0
frc7408,0
frc7409,0
frc7410,0
frc7411,0
frc7412,0
frc7413,0
frc7414,0
frc7415,0
frc7416,0
frc7417,0
frc7419,0
frc7420,0
frc7421,0
frc7422,0
frc7423,0
frc7424,0
frc7425,0
frc7426,0
frc7427,0
frc7428,0
frc7430,0
frc7431,0
frc7432,0
frc7433,0
frc7434,0
frc7435,0
frc7436,0
frc7437,0
frc7438,0
frc7439,0
frc7440,0
frc7441,0
frc7442,0
frc7443,0
frc7444,0
frc7445,0
frc7446,0
frc7447,0
frc7448,0
frc7449,0
frc7450,0
frc7451,0
frc7452,0
frc7453,0
frc7454,0
frc7455,0
frc7456,0
frc7458,0
frc7459,0
frc7460,0
frc7462,0
frc7463,0
frc7464,0
frc7465,0
frc7466,0
frc7467,0
frc7468,0
frc7469,0
frc7470,0
frc7471,0
frc7473,0
frc7474,0
frc7475,0
frc7476,0
frc7477,0
frc7478,0
frc7479,0
frc7480,0
frc7481,0
frc7482,0
frc7483,0
frc7484,0
frc7485,0
frc7486,0
frc7487,0
frc7488,0
frc7489,0
frc7490,0
frc7491,0
frc7492,0
frc7493,0
frc7494,0
frc7495,0
frc7496,0
frc7497,0
frc7498,0
frc7499,0
frc7500,0
frc7501,0
frc7502,0
frc7503,0
frc7504,0
frc7505,0
frc7507,0
frc7508,0
frc7509,0
frc7510,0
frc7511,0
frc7512,0
frc7513,0
frc7515,0
frc7516,0
frc7517,0
frc7518,0
frc7519,0
frc7520,0
frc7521,0
frc7522,0
frc7523,0
frc7524,0
frc7525,0
frc7526,0
frc7527,0
frc7528,0
frc7529,0
frc7530,0
frc7531,0
frc7532,0
frc7533,0
frc7534,0
frc7535,0
frc7536,0
frc7537,0
frc7538,0
frc7541,0
frc7542,0
frc7543,0
frc7544,0
frc7545,0
frc7546,0
frc7547,0
frc7548,0
frc7549,0
frc7550,0
frc7551,0
frc7552,0
frc7553,0
frc7554,0
frc7555,0
frc7556,0
frc7557,0
frc7558,0
frc7559,0
frc7560,0
frc7561,0
frc7562,0
frc7563,0
frc7564,0
frc7565,0
frc7566,0
frc7567,0
frc7568,0
frc7569,0
frc7570,0
frc7571,0
frc7572,0
frc7573,0
frc7574,0
frc7576,0
frc7577,0
frc7578,0
frc7579,0
frc7580,0
frc7581,0
frc7582,0
frc7583,0
frc7584,0
frc7585,0
frc7586,0
frc7587,0
frc7588,0
frc7590,0
frc7591,0
frc7592,0
frc7593,0
frc7594,0
frc7596,0
frc7597,0
frc7599,0
frc7600,0
frc7601,0
frc7602,0
frc7603,0
frc7604,0
frc7606,0
frc7607,0
frc7608,0
frc7609,0
frc7610,0
frc7611,0
frc7612,0
frc7613,0
frc7614,0
frc7615,0
frc7616,0
frc7617,0
frc7618,0
frc7620,0
frc7621,0
frc7622,0
frc7623,0
frc7624,0
frc7625,0
frc7626,0
frc7627,0
frc7628,0
frc7629,0
frc7630,0
frc7631,0
frc7632,0
frc7633,0
frc7634,0
frc7635,0
frc7636,0
frc7637,0
frc7638,0
frc7639,0
frc7640,0
frc7641,0
frc7642,0
frc7643,0
frc7644,0
frc7646,0
frc7647,0
frc7648,0
frc7649,0
frc7650,0
frc7651,0
frc7652,0
frc7653,0
frc7654,0
frc7655,0
frc7656,0
frc7657,0
frc7658,0
frc7659,0
frc7660,0
frc7661,0
frc7662,0
frc7663,0
frc7664,0
frc7665,0
frc7667,0
frc7668,0
frc7669,0
frc7670,0
frc7671,0
frc7672,0
frc7673,0
frc7674,0
frc7675,0
frc7676,0
frc7677,0
frc7678,0
frc7679,0
frc7680,0
frc7681,0
frc7682,0
frc7683,0
frc7684,0
frc7685,0
frc7686,0
frc7688,0
frc7689,0
frc7690,0
frc7691,0
frc7692,0
frc7693,0
frc7694,0
frc7695,0
frc7696,0
frc7699,0
frc7700,0
frc7701,0
frc7702,0
frc7703,0
frc7704,0
frc7705,0
frc7706,0
frc7707,0
frc7708,0
frc7710,0
frc7711,0
frc7713,0
frc7714,0
frc7715,0
frc7716,0
frc7717,0
frc7718,0
frc7720,0
frc7721,0
frc7722,0
frc7723,0
frc7724,0
frc7725,0
frc7726,0
frc7727,0
frc7728,0
frc7729,0
frc7730,0
frc7731,0
frc7732,0
frc7733,0
frc7734,0
frc7735,0
frc7736,0
frc7737,0
frc7738,0
frc7739,0
frc7740,0
frc7741,0
frc7742,0
frc7743,0
frc7744,0
frc7745,0
frc7746,0
frc7747,0
frc7749,0
frc7750,0
frc7751,0
frc7752,0
frc7753,0
frc7754,0
frc7755,0
frc7756,0
frc7757,0
frc7758,0
frc7759,0
frc7760,0
frc7761,0
frc7763,0
frc7764,0
frc7765,0
frc7766,0
frc7767,0
frc7768,0
frc7769,0
frc7770,0
frc7771,0
frc7772,0
frc7773,0
frc7774,0
frc7775,0
frc7776,0
frc7777,0
frc7778,0
frc7779,0
frc7780,0
frc7781,0
frc7783,0
frc7784,0
frc7785,0
frc7786,0
frc7787,0
frc7788,0
frc7789,0
frc7790,0
frc7791,0
frc7792,0
frc7793,0
frc7794,0
frc7795,0
frc7796,0
frc7798,0
frc7799,0
frc7801,0
frc7802,0
frc7803,0
frc7804,0
frc7805,0
frc7806,0
frc7807,0
frc7808,0
frc7809,0
frc7810,0
frc7811,0
frc7812,0
frc7813,0
frc7814,0
frc7815,0
frc7816,0
frc7817,0
frc7818,0
frc7819,0
frc7820,0
frc7821,0
frc7822,0
frc7823,0
frc7824,0
frc7825,0
frc7826,0
frc7827,0
frc7828,0
frc7829,0
frc7831,0
frc7832,0
frc7833,0
frc7834,0
frc7835,0
frc7836,0
frc7837,0
frc7838,0
frc7839,0
frc7840,0
frc7841,0
frc7842,0
frc7843,0
frc7844,0
frc7846,0
frc7847,0
frc7848,0
frc7849,0
frc7851,0
frc7852,0
frc7853,0
frc7854,0
frc7855,0
frc7856,0
frc7857,0
frc7858,0
frc7859,0
frc7860,0
frc7861,0
frc7862,0
frc7863,0
frc7864,0
frc7865,0
frc7866,0
frc7867,0
frc7868,0
frc7869,0
frc7870,0
frc7871,0
frc7872,0
frc7873,0
frc7874,0
frc7875,0
frc7876,0
frc7877,0
frc7878,0
frc7879,0
frc7880,0
frc7881,0
frc7882,0
frc7883,0
frc7884,0
frc7885,0
frc7886,0
frc7887,0
frc7889,0
frc7890,0
frc7891,0
frc7892,0
frc7893,0
frc7894,0
frc7895,0
frc7896,0
frc7897,0
frc7898,0
frc7899,0
frc7900,0
frc7901,0
frc7902,0
frc7903,0
frc7904,0
frc7905,0
frc7906,0
frc7907,0
frc7908,0
frc7909,0
frc7910,0
frc7911,0
frc7912,0
frc7913,0
frc7914,0
frc7915,0
frc8002,0
frc8003,0
frc8004,0
frc8005,0
frc8006,0
frc8007,0
frc8011,0
frc8012,0
frc8014,0
frc8015,0
frc8016,0
frc8017,0
frc8018,0
frc8020,0
frc8021,0
frc8022,0
frc8023,0
frc8024,0
frc8025,0
frc8026,0
frc8027,0
frc8028,0
frc8029,0
frc8030,0
frc8031,0
frc8032,0
frc8034,0
frc8035,0
frc8036,0
frc8037,0
frc8038,0
frc8039,0
frc8040,0
frc8041,0
frc8043,0
frc8045,0
frc8046,0
frc8047,0
frc8048,0
frc8049,0
frc8050,0
frc8051,0
frc8052,0
frc8053,0
frc8054,0
frc8055,0
frc8056,0
frc8057,0
frc8058,0
frc8059,0
frc8060,0
frc8061,0
frc8062,0
frc8063,0
frc8064,0
frc8065,0
frc8066,0
frc8067,0
frc8068,0
frc8069,0
frc8070,0
frc8071,0
frc8072,0
frc8073,0
frc8074,0
frc8076,0
frc8077,0
frc8078,0
frc8079,0
frc8080,0
frc8081,0
frc8082,0
frc8083,0
frc8084,0
frc8085,0
frc8086,0
frc8088,0
frc8089,0
frc8090,0
frc8091,0
frc8092,0
frc8093,0
frc8094,0
frc8095,0
frc8096,0
frc8097,0
frc8098,0
frc8099,0
frc8101,0
frc8102,0
frc8103,0
frc8104,0
frc8105,0
frc8106,0
frc8107,0
frc8108,0
frc8109,0
frc8110,0
frc8111,0
frc8112,0
frc8113,0
frc8114,0
frc8115,0
frc8116,0
frc8117,0
frc8118,0
frc8119,0
frc8120,0
frc8121,0
frc8123,0
frc8124,0
frc8125,0
frc8126,0
frc8127,0
frc8128,0
frc8129,0
frc8130,0
frc8131,0
frc8132,0
frc8133,0
frc8134,0
frc8135,0
frc8136,0
frc8137,0
frc8138,0
frc8139,0
frc8140,0
frc8141,0
frc8142,0
frc8143,0
frc8144,0
frc8145,0
frc8146,0
frc8147,0
frc8148,0
frc8149,0
frc8150,0
frc8151,0
frc8152,0
frc8153,0
frc8154,0
frc8155,0
frc8156,0
frc8157,0
frc8158,0
frc8159,0
frc8160,0
frc8161,0
frc8162,0
frc8163,0
frc8164,0
frc8165,0
frc8166,0
frc8167,0
frc8168,0
frc8169,0
frc8170,0
frc8171,0
frc8172,0
frc8173,0
frc8174,0
frc8175,0
frc8176,0
frc8178,0
frc8179,0
frc8180,0
frc8181,0
frc8182,0
frc8183,0
frc8184,0
frc8185,0
frc8186,0
frc8187,0
frc8188,0
frc8189,0
frc8190,0
frc8191,0
frc8192,0
frc8193,0
frc8194,0
frc8195,0
frc8197,0
frc8198,0
frc8200,0
frc8202,0
frc8203,0
frc8204,0
frc8205,0
frc8206,0
frc8207,0
frc8208,0
frc8209,0
frc8210,0
frc8211,0
frc8212,0
frc8213,0
frc8214,0
frc8215,0
frc8216,0
frc8217,0
frc8218,0
frc8219,0
frc8220,0
frc8221,0
frc8222,0
frc8223,0
frc8224,0
frc8225,0
frc8226,0
frc8229,0
frc8231,0
frc8233,0
frc8234,0
frc8235,0
frc8236,0
frc8237,0
frc8238,0
frc8239,0
frc8240,0
frc8241,0
frc8242,0
frc8243,0
frc8244,0
frc8245,0
frc8246,0
frc8247,0
frc8248,0
frc8249,0
frc8250,0
frc8251,0
frc8252,0
frc8253,0
frc8254,0
frc8255,0
frc8256,0
frc8257,0
frc8258,0
frc8259,0
frc8260,0
frc8261,0
frc8262,0
frc8263,0
frc8264,0
frc8265,0
frc8266,0
frc8267,0
frc8268,0
frc8269,0
frc8270,0
frc8271,0
frc8272,0
frc8273,0
frc8274,0
frc8275,0
frc8276,0
frc8277,0
frc8278,0
frc8279,0
frc8280,0
frc8281,0
frc8282,0
frc8283,0
frc8284,0
frc8285,0
frc8286,0
frc8287,0
frc8288,0
frc8289,0
frc8290,0
frc8291,0
frc8292,0
frc8293,0
frc8294,0
frc8295,0
frc8296,0
frc8297,0
frc8298,0
frc8299,0
frc8300,0
frc8301,0
frc8302,0
frc8303,0
frc8304,0
frc8305,0
frc8306,0
frc8307,0
frc8308,0
frc8309,0
frc8310,0
frc8311,0
frc8312,0
frc8313,0
frc8314,0
frc8315,0
frc8316,0
frc8317,0
frc8318,0
frc8319,0
frc8320,0
frc8321,0
frc8322,0
frc8323,0
frc8324,0
frc8325,0
frc8326,0
frc8327,0
frc8328,0
frc8329,0
frc8330,0
frc8331,0
frc8332,0
frc8333,0
frc8334,0
frc8335,0
frc8336,0
frc8337,0
frc8338,0
frc8339,0
frc8340,0
frc8341,0
frc8342,0
frc8343,0
frc8344,0
frc8345,0
frc8346,0
frc8347,0
frc8348,0
frc8349,0
frc8350,0
frc8351,0
frc8352,0
frc8353,0
frc8354,0
frc8355,0
frc8356,0
frc8357,0
frc8358,0
frc8359,0
frc8360,0
frc8361,0
frc8362,0
frc8363,0
frc8364,0
frc8365,0
frc8366,0
frc8367,0
frc8368,0
frc8369,0
frc8370,0
frc8371,0
frc8372,0
frc8373,0
frc8374,0
frc8375,0
frc8376,0
frc8377,0
frc8378,0
frc8379,0
frc8380,0
frc8381,0
frc8382,0
frc8383,0
frc8384,0
frc8385,0
frc8386,0
frc8387,0
frc8388,0
frc8389,0
frc8390,0
frc8391,0
frc8392,0
frc8393,0
frc8394,0
frc8395,0
frc8396,0
frc8397,0
frc8398,0
frc8399,0
frc8400,0
frc8401,0
frc8402,0
frc8403,0
frc8404,0
frc8405,0
frc8406,0
frc8407,0
frc8408,0
frc8409,0
frc8410,0
frc8411,0
frc8412,0
frc8413,0
frc8414,0
frc8415,0
frc8416,0
frc8417,0
frc8418,0
frc8419,0
frc8420,0
frc8421,0
frc8422,0
frc8423,0
frc8424,0
frc8425,0
frc8426,0
frc8427,0
frc8428,0
frc8429,0
frc8430,0
frc8500,0
frc8501,0
frc8503,0
frc8504,0
frc8505,0
frc8508,0
frc8509,0
frc8510,0
frc8511,0
frc8512,0
frc8513,0
frc8514,0
frc8515,0
frc8516,0
frc8517,0
frc8518,0
frc8519,0
frc8521,0
frc8522,0
frc8523,0
frc8524,0
frc8525,0
frc8526,0
frc8527,0
frc8528,0
frc8529,0
frc8530,0
frc8531,0
frc8532,0
frc8533,0
frc8534,0
frc8535,0
frc8536,0
frc8537,0
frc8538,0
frc8539,0
frc8540,0
frc8542,0
frc8543,0
frc8544,0
frc8545,0
frc8546,0
frc8547,0
frc8550,0
frc8551,0
frc8552,0
frc8553,0
frc8554,0
frc8555,0
frc8556,0
frc8557,0
frc8558,0
frc8559,0
frc8560,0
frc8561,0
frc8562,0
frc8563,0
frc8564,0
frc8565,0
frc8566,0
frc8567,0
frc8568,0
frc8569,0
frc8570,0
frc8571,0
frc8572,0
frc8574,0
frc8575,0
frc8576,0
frc8577,0
frc8579,0
frc8580,0
frc8581,0
frc8582,0
frc8583,0
frc8584,0
frc8585,0
frc8586,0
frc8587,0
frc8588,0
frc8589,0
frc8590,0
frc8591,0
frc8592,0
frc8593,0
frc8594,0
frc8595,0
frc8596,0
frc8597,0
frc8598,0
frc8599,0
frc8600,0
frc8601,0
frc8602,0
frc8603,0
frc8604,0
frc8605,0
frc8606,0
frc8607,0
frc8608,0
frc8609,0
frc8610,0
frc8611,0
frc8612,0
frc8613,0
frc8614,0
frc8615,0
frc8616,0
frc8617,0
frc8618,0
frc8619,0
frc8620,0
frc8621,0
frc8622,0
frc8623,0
frc8624,0
frc8625,0
frc8626,0
frc8628,0
frc8629,0
frc8630,0
frc8631,0
frc8632,0
frc8634,0
frc8636,0
frc8637,0
frc8700,0
frc8702,0
frc8703,0
frc8704,0
frc8705,0
frc8706,0
frc8707,0
frc8709,0
frc8710,0
frc8711,0
frc8713,0
frc8714,0
frc8715,0
frc8716,0
frc8717,0
frc8718,0
frc8719,0
frc8720,0
frc8721,0
frc8722,0
frc8723,0
frc8724,0
frc8725,0
frc8726,0
frc8727,0
frc8728,0
frc8729,0
frc8730,0
frc8731,0
frc8732,0
frc8733,0
frc8734,0
frc8735,0
frc8737,0
frc8738,0
frc8739,0
frc8740,0
frc8741,0
frc8742,0
frc8743,0
frc8744,0
frc8745,0
frc8746,0
frc8747,0
frc8748,0
frc8749,0
frc8750,0
frc8751,0
frc8752,0
frc8753,0
frc8754,0
frc8755,0
frc8756,0
frc8758,0
frc8759,0
frc8760,0
frc8761,0
frc8762,0
frc8763,0
frc8764,0
frc8765,0
frc8766,0
frc8767,0
frc8768,0
frc8769,0
frc8770,0
frc8771,0
frc8772,0
frc8773,0
frc8774,0
frc8775,0
frc8776,0
frc8777,0
frc8778,0
frc8779,0
frc8780,0
frc8781,0
frc8782,0
frc8783,0
frc8784,0
frc8785,0
frc8786,0
frc8787,0
frc8790,0
frc8791,0
frc8792,0
frc8793,0
frc8794,0
frc8795,0
frc8796,0
frc8797,0
frc8798,0
frc8799,0
frc8800,0
frc8801,0
frc8802,0
frc8803,0
frc8804,0
frc8805,0
frc8806,0
frc8807,0
frc8808,0
frc8810,0
frc8811,0
frc8812,0
frc8813,0
frc8814,0
frc8815,0
frc8816,0
frc8817,0
frc8818,0
frc8819,0
frc8820,0
frc8821,0
frc8822,0
frc8823,0
frc8824,0
frc8825,0
frc8826,0
frc8827,0
frc8828,0
frc8829,0
frc8830,0
frc8831,0
frc8832,0
frc8833,0
frc8834,0
frc8835,0
frc8836,0
frc8837,0
frc8838,0
frc8839,0
frc8840,0
frc8841,0
frc8842,0
frc8843,0
frc8844,0
frc8845,0
frc8846,0
frc8847,0
frc8848,0
frc8849,0
frc8852,0
frc8853,0
frc8854,0
frc8855,0
frc8856,0
frc8857,0
frc8858,0
frc8859,0
frc8861,0
frc8862,0
frc8863,0
frc8865,0
frc8867,0
frc8868,0
frc8869,0
frc8870,0
frc8871,0
frc8872,0
frc8873,0
frc8874,0
frc8875,0
frc8876,0
frc8877,0
frc8878,0
frc8879,0
frc8880,0
frc8881,0
frc8882,0
frc8883,0
frc8884,0
frc8885,0
frc8886,0
frc8887,0
frc8888,0
frc8889,0
frc8890,0
frc8891,0
frc8893,0
frc8894,0
frc8895,0
frc8896,0
frc8897,0
frc8898,0
frc8899,0
frc9000,0
frc9001,0
frc9002,0
frc9003,0
frc9004,0
frc9005,0
frc9007,0
frc9008,0
frc9009,0
frc9010,0
frc9011,0
frc9012,0
frc9014,0
frc9015,0
frc9016,0
frc9018,0
frc9019,0
frc9020,0
frc9021,0
frc9022,0
frc9023,0
frc9024,0
frc9025,0
frc9026,0
frc9027,0
frc9028,0
frc9029,0
frc9030,0
frc9031,0
frc9032,0
frc9033,0
frc9034,0
frc9035,0
frc9036,0
frc9037,0
frc9038,0
frc9039,0
frc9040,0
frc9041,0
frc9042,0
frc9044,0
frc9045,0
frc9046,0
frc9047,0
frc9048,0
frc9049,0
frc9051,0
frc9052,0
frc9053,0
frc9054,0
frc9055,0
frc9056,0
frc9057,0
frc9058,0
frc9059,0
frc9060,0
frc9061,0
frc9062,0
frc9063,0
frc9064,0
frc9065,0
frc9066,0
frc9067,0
frc9068,0
frc9069,0
frc9070,0
frc9071,0
frc9072,0
frc9073,0
frc9074,0
frc9075,0
frc9076,0
frc9077,0
frc9078,0
frc9079,0
frc9080,0
frc9081,0
frc9082,0
frc9083,0
frc9084,0
frc9085,0
frc9087,0
frc9088,0
frc9089,0
frc9090,0
frc9091,0
frc9092,0
frc9093,0
frc9094,0
frc9095,0
frc9096,0
frc9097,0
frc9098,0
frc9099,0
frc9100,0
frc9101,0
frc9102,0
frc9103,0
frc9104,0
frc9105,0
frc9106,0
frc9107,0
frc9108,0
frc9109,0
frc9110,0
frc9111,0
frc9112,0
frc9113,0
frc9114,0
frc9115,0
frc9116,0
frc9117,0
frc9118,0
frc9119,0
frc9120,0
frc9121,0
frc9122,0
frc9123,0
frc9124,0
frc9125,0
frc9126,0
frc9127,0
frc9128,0
frc9129,0
frc9130,0
frc9131,0
frc9132,0
frc9133,0
frc9134,0
frc9135,0
frc9136,0
frc9137,0
frc9138,0
frc9139,0
frc9140,0
frc9141,0
frc9142,0
frc9144,0
frc9145,0
frc9146,0
frc9147,0
frc9148,0
frc9149,0
frc9150,0
frc9151,0
frc9152,0
frc9153,0
frc9154,0
frc9156,0
frc9157,0
frc9158,0
frc9159,0
frc9160,0
frc9161,0
frc9162,0
frc9163,0
frc9164,0
frc9165,0
frc9167,0
frc9168,0
frc9169,0
frc9170,0
frc9171,0
frc9172,0
frc9173,0
frc9174,0
frc9175,0
frc9176,0
frc9177,0
frc9178,0
frc9179,0
frc9180,0
frc9182,0
frc9183,0
frc9184,0
frc9185,0
frc9186,0
frc9187,0
frc9188,0
frc9189,0
frc9190,0
frc9191,0
frc9192,0
frc9193,0
frc9194,0
frc9195,0
frc9196,0
frc9197,0
frc9198,0
frc9199,0
frc9200,0
frc9201,0
frc9202,0
frc9203,0
frc9204,0
frc9205,0
frc9206,0
frc9207,0
frc9208,0
frc9209,0
frc9210,0
frc9211,0
frc9212,0
frc9213,0
frc9214,0
frc9215,0
frc9216,0
frc9217,0
frc9218,0
frc9219,0
frc9221,0
frc9222,0
frc9223,0
frc9224,0
frc9225,0
frc9226,0
frc9227,0
frc9228,0
frc9229,0
frc9230,0
frc9231,0
frc9232,0
frc9233,0
frc9234,0
frc9235,0
frc9236,0
frc9237,0
frc9238,0
frc9239,0
frc9240,0
frc9241,0
frc9242,0
frc9243,0
frc9244,0
frc9245,0
frc9246,0
frc9247,0
frc9248,0
frc9249,0
frc9250,0
frc9251,0
frc9252,0
frc9253,0
frc9254,0
frc9255,0
frc9256,0
frc9257,0
frc9258,0
frc9259,0
frc9260,0
frc9261,0
frc9262,0
frc9263,0
frc9265,0
frc9266,0
frc9268,0
frc9269,0
frc9270,0
frc9271,0
frc9272,0
frc9273,0
frc9274,0
frc9275,0
frc9276,0
frc9277,0
frc9278,0
frc9279,0
frc9280,0
frc9281,0
frc9282,0
frc9283,0
frc9284,0
frc9286,0
frc9287,0
frc9289,0
frc9292,0
frc9293,0
frc9295,0
frc9296,0
frc9297,0
frc9298,0
frc9299,0
frc9300,0
frc9301,0
frc9302,0
frc9303,0
frc9304,0
frc9305,0
frc9306,0
frc9308,0
frc9309,0
frc9310,0
frc9311,0
frc9312,0
frc9313,0
frc9314,0
frc9315,0
frc9316,0
frc9330,0
frc9400,0
frc9401,0
frc9402,0
frc9403,0
frc9404,0
frc9405,0
frc9406,0
frc9407,0
frc9408,0
frc9409,0
frc9410,0
frc9411,0
frc9414,0
frc9415,0
frc9416,0
frc9418,0
frc9419,0
frc9421,0
frc9422,0
frc9423,0
frc9424,0
frc9425,0
frc9426,0
frc9427,0
frc9428,0
frc9429,0
frc9430,0
frc9431,0
frc9432,0
frc9433,0
frc9434,0
frc9435,0
frc9436,0
frc9437,0
frc9438,0
frc9439,0
frc9440,0
frc9441,0
frc9442,0
frc9443,0
frc9444,0
frc9445,0
frc9446,0
frc9447,0
frc9448,0
frc9449,0
frc9450,0
frc9451,0
frc9452,0
frc9453,0
frc9454,0
frc9455,0
frc9456,0
frc9457,0
frc9458,0
frc9459,0
frc9460,0
frc9461,0
frc9462,0
frc9463,0
frc9464,0
frc9465,0
frc9466,0
frc9467,0
frc9468,0
frc9469,0
frc9470,0
frc9471,0
frc9472,0
frc9473,0
frc9474,0
frc9475,0
frc9476,0
frc9477,0
frc9478,0
frc9479,0
frc9480,0
frc9481,0
frc9482,0
frc9483,0
frc9484,0
frc9485,0
frc9486,0
frc9487,0
frc9488,0
frc9489,0
frc9490,0
frc9491,0
frc9493,0
frc9494,0
frc9495,0
frc9496,0
frc9497,0
frc9498,0
frc9499,0
frc9500,0
frc9501,0
frc9502,0
frc9503,0
frc9504,0
frc9505,0
frc9506,0
frc9507,0
frc9508,0
frc9509,0
frc9510,0
frc9511,0
frc9512,0
frc9513,0
frc9514,0
frc9515,0
frc9516,0
frc9517,0
frc9518,0
frc9519,0
frc9520,0
frc9521,0
frc9522,0
frc9523,0
frc9524,0
frc9525,0
frc9526,0
frc9527,0
frc9528,0
frc9529,0
frc9530,0
frc9531,0
frc9532,0
frc9533,0
frc9534,0
frc9535,0
frc9536,0
frc9537,0
frc9538,0
frc9539,0
frc9540,0
frc9541,0
frc9542,0
frc9543,0
frc9544,0
frc9546,0
frc9547,0
frc9548,0
frc9549,0
frc9550,0
frc9551,0
frc9552,0
frc9553,0
frc9554,0
frc9555,0
frc9556,0
frc9557,0
frc9558,0
frc9559,0
frc9560,0
frc9561,0
frc9562,0
frc9563,0
frc9564,0
frc9565,0
frc9566,0
frc9567,0
frc9568,0
frc9569,0
frc9570,0
frc9571,0
frc9572,0
frc9573,0
frc9574,0
frc9575,0
frc9576,0
frc9577,0
frc9578,0
frc9579,0
frc9580,0
frc9581,0
frc9582,0
frc9583,0
frc9584,0
frc9585,0
frc9586,0
frc9587,0
frc9588,0
frc9589,0
frc9590,0
frc9591,0
frc9592,0
frc9593,0
frc9594,0
frc9595,0
frc9596,0
frc9597,0
frc9598,0
frc9599,0
frc9600,0
frc9601,0
frc9602,0
frc9603,0
frc9604,0
frc9605,0
frc9606,0
frc9607,0
frc9608,0
frc9609,0
frc9610,0
frc9611,0
frc9612,0
frc9613,0
frc9614,0
frc9615,0
frc9616,0
frc9617,0
frc9618,0
frc9619,0
frc9620,0
frc9621,0
frc9622,0
frc9623,0
frc9624,0
frc9625,0
frc9626,0
frc9627,0
frc9628,0
frc9629,0
frc9630,0
frc9631,0
frc9632,0
frc9633,0
frc9634,0
frc9635,0
frc9636,0
frc9637,0
frc9638,0
frc9639,0
frc9640,0
frc9641,0
frc9642,0
frc9643,0
frc9644,0
frc9645,0
frc9646,0
frc9647,0
frc9648,0
frc9649,0
frc9650,0
frc9651,0
frc9652,0
frc9653,0
frc9654,0
frc9655,0
frc9656,0
frc9657,0
frc9658,0
frc9659,0
frc9660,0
frc9661,0
frc9662,0
frc9663,0
frc9664,0
frc9665,0
frc9666,0
frc9667,0
frc9668,0
frc9669,0
frc9670,0
frc9671,0
frc9672,0
frc9673,0
frc9674,0
frc9675,0
frc9676,0
frc9677,0
frc9678,0
frc9679,0
frc9680,0
frc9681,0
frc9682,0
frc9683,0
frc9684,0
frc9685,0
frc9686,0
frc9687,0
frc9688,0
frc9689,0
frc9690,0
frc9691,0
frc9692,0
frc9693,0
frc9694,0
frc9695,0
frc9696,0
frc9697,0
frc9698,0
frc9699,0
frc9700,0
frc9701,0
frc9702,0
frc9703,0
frc9704,0
frc9705,0
frc9706,0
frc9707,0
frc9708,0
frc9710,0
frc9711,0
frc9712,0
frc9713,0
frc9714,0
frc9715,0
frc9716,0
frc9717,0
frc9718,0
frc9719,0
frc9720,0
frc9721,0
frc9722,0
frc9723,0
frc9724,0
frc9725,0
frc9726,0
frc9727,0
frc9728,0
frc9729,0
frc9730,0
frc9731,0
frc9732,0
frc9733,0
frc9734,0
frc9735,0
frc9736,0
frc9737,0
frc9738,0
frc9739,0
frc9740,0
frc9741,0
frc9742,0
frc9743,0
frc9744,0
frc9745,0
frc9746,0
frc9747,0
frc9748,0
frc9749,0
frc9750,0
frc9751,0
frc9752,0
frc9753,0
frc9754,0
frc9755,0
frc9756,0
frc9757,0
frc9758,0
frc9759,0
frc9760,0
frc9761,0
frc9762,0
frc9763,0
frc9764,0
frc9765,0
frc9766,0
frc9767,0
frc9768,0
frc9769,0
frc9770,0
frc9771,0
frc9772,0
frc9773,0
frc9775,0
frc9776,0
frc9777,0
frc9778,0
frc9779,0
frc9780,0
frc9781,0
frc9782,0
frc9783,0
frc9784,0
frc9785,0
frc9786,0
frc9787,0
frc9788,0
frc9789,0
frc9980,0
frc9981,0
frc9982,0
frc9983,0
frc9984,0
frc9985,0
frc9986,0
frc9987,0
frc9988,0
frc9989,0
frc9990,0
frc9991,0
frc9992,0
frc9993,0
frc9994,0
frc9995,0
frc9996,0
frc9997,0
frc9998,0
frc9999,0
